N,P,X,History
1,0.0,1,2040
1,0.0,2,2040
1,0.0,3,2040
1,0.0,4,2040
1,0.0,5,2040
2,0.0,1,2576
2,0.0,2,2352
2,0.0,3,8056
2,0.0,4,2632
2,0.0,5,4352
3,0.0,1,4240
3,0.0,2,4096
3,0.0,3,5056
3,0.0,4,2928
3,0.0,5,4432
4,0.0,1,5672
4,0.0,2,4040
4,0.0,3,6840
4,0.0,4,3464
4,0.0,5,4352
5,0.0,1,5216
5,0.0,2,5352
5,0.0,3,6496
5,0.0,4,4776
5,0.0,5,6168
6,0.0,1,8664
6,0.0,2,5560
6,0.0,3,3392
6,0.0,4,5000
6,0.0,5,8696
7,0.0,1,6320
7,0.0,2,8696
7,0.0,3,10080
7,0.0,4,6520
7,0.0,5,7648
8,0.0,1,7016
8,0.0,2,7808
8,0.0,3,9024
8,0.0,4,6112
8,0.0,5,9800
9,0.0,1,8712
9,0.0,2,10160
9,0.0,3,9776
9,0.0,4,8632
9,0.0,5,9696
10,0.0,1,11544
10,0.0,2,10632
10,0.0,3,13224
10,0.0,4,7384
10,0.0,5,7208
11,0.0,1,11576
11,0.0,2,13792
11,0.0,3,9640
11,0.0,4,9808
11,0.0,5,8232
12,0.0,1,12272
12,0.0,2,9248
12,0.0,3,11504
12,0.0,4,9472
12,0.0,5,18272
13,0.0,1,12176
13,0.0,2,14152
13,0.0,3,12928
13,0.0,4,12176
13,0.0,5,11280
14,0.0,1,14424
14,0.0,2,10176
14,0.0,3,15264
14,0.0,4,17576
14,0.0,5,10664
15,0.0,1,12360
15,0.0,2,14192
15,0.0,3,11504
15,0.0,4,13808
15,0.0,5,17384
16,0.0,1,12168
16,0.0,2,18576
16,0.0,3,13216
16,0.0,4,15200
16,0.0,5,13488
17,0.0,1,22024
17,0.0,2,15624
17,0.0,3,15960
17,0.0,4,11232
17,0.0,5,14384
18,0.0,1,17488
18,0.0,2,14608
18,0.0,3,18472
18,0.0,4,14752
18,0.0,5,17904
19,0.0,1,14224
19,0.0,2,15184
19,0.0,3,18656
19,0.0,4,19576
19,0.0,5,12080
20,0.0,1,19488
20,0.0,2,15560
20,0.0,3,21256
20,0.0,4,17984
20,0.0,5,20848
21,0.0,1,17728
21,0.0,2,20608
21,0.0,3,17032
21,0.0,4,19504
21,0.0,5,23120
22,0.0,1,22544
22,0.0,2,20104
22,0.0,3,22136
22,0.0,4,22232
22,0.0,5,22704
23,0.0,1,19936
23,0.0,2,17280
23,0.0,3,22640
23,0.0,4,19624
23,0.0,5,20432
24,0.0,1,21576
24,0.0,2,22848
24,0.0,3,28816
24,0.0,4,21048
24,0.0,5,25512
25,0.0,1,26384
25,0.0,2,26952
25,0.0,3,32960
25,0.0,4,24208
25,0.0,5,23608
26,0.0,1,17840
26,0.0,2,25624
26,0.0,3,21872
26,0.0,4,27184
26,0.0,5,18104
27,0.0,1,25560
27,0.0,2,20568
27,0.0,3,27928
27,0.0,4,27040
27,0.0,5,25792
28,0.0,1,27640
28,0.0,2,25872
28,0.0,3,21392
28,0.0,4,23896
28,0.0,5,22552
29,0.0,1,27544
29,0.0,2,27336
29,0.0,3,21656
29,0.0,4,30408
29,0.0,5,23000
30,0.0,1,21408
30,0.0,2,32504
30,0.0,3,24160
30,0.0,4,30680
30,0.0,5,25000
31,0.0,1,24240
31,0.0,2,25256
31,0.0,3,40648
31,0.0,4,22456
31,0.0,5,27536
32,0.0,1,29968
32,0.0,2,24432
32,0.0,3,31704
32,0.0,4,29080
32,0.0,5,24184
33,0.0,1,32744
33,0.0,2,32584
33,0.0,3,38776
33,0.0,4,25656
33,0.0,5,42480
34,0.0,1,25528
34,0.0,2,33584
34,0.0,3,30976
34,0.0,4,34200
34,0.0,5,28648
35,0.0,1,38384
35,0.0,2,32424
35,0.0,3,34200
35,0.0,4,27712
35,0.0,5,29880
36,0.0,1,30792
36,0.0,2,29376
36,0.0,3,38920
36,0.0,4,31048
36,0.0,5,33728
37,0.0,1,36160
37,0.0,2,32176
37,0.0,3,22880
37,0.0,4,31280
37,0.0,5,27648
38,0.0,1,38040
38,0.0,2,37056
38,0.0,3,32944
38,0.0,4,39208
38,0.0,5,31192
39,0.0,1,37408
39,0.0,2,36688
39,0.0,3,29208
39,0.0,4,33600
39,0.0,5,36088
40,0.0,1,40000
40,0.0,2,32888
40,0.0,3,36584
40,0.0,4,40096
40,0.0,5,32768
41,0.0,1,38848
41,0.0,2,37680
41,0.0,3,38384
41,0.0,4,33264
41,0.0,5,34584
42,0.0,1,37672
42,0.0,2,36920
42,0.0,3,33024
42,0.0,4,30416
42,0.0,5,39456
43,0.0,1,36144
43,0.0,2,32456
43,0.0,3,46304
43,0.0,4,47736
43,0.0,5,30688
44,0.0,1,41896
44,0.0,2,41064
44,0.0,3,32216
44,0.0,4,43152
44,0.0,5,44208
45,0.0,1,44808
45,0.0,2,37232
45,0.0,3,34560
45,0.0,4,43680
45,0.0,5,39024
46,0.0,1,33768
46,0.0,2,45832
46,0.0,3,46888
46,0.0,4,36864
46,0.0,5,34344
47,0.0,1,39000
47,0.0,2,39488
47,0.0,3,47752
47,0.0,4,48008
47,0.0,5,42000
48,0.0,1,45448
48,0.0,2,50768
48,0.0,3,46928
48,0.0,4,42872
48,0.0,5,43784
49,0.0,1,38960
49,0.0,2,39432
49,0.0,3,37880
49,0.0,4,46416
49,0.0,5,50112
50,0.0,1,56656
50,0.0,2,51584
50,0.0,3,44664
50,0.0,4,32832
50,0.0,5,43464
51,0.0,1,63008
51,0.0,2,48448
51,0.0,3,40024
51,0.0,4,46104
51,0.0,5,42976
52,0.0,1,43960
52,0.0,2,46104
52,0.0,3,46320
52,0.0,4,55744
52,0.0,5,55880
53,0.0,1,45688
53,0.0,2,46768
53,0.0,3,41248
53,0.0,4,45456
53,0.0,5,44248
54,0.0,1,51624
54,0.0,2,39496
54,0.0,3,49208
54,0.0,4,46776
54,0.0,5,53032
55,0.0,1,42832
55,0.0,2,52704
55,0.0,3,50680
55,0.0,4,55680
55,0.0,5,48816
56,0.0,1,54984
56,0.0,2,55216
56,0.0,3,52040
56,0.0,4,43384
56,0.0,5,54352
57,0.0,1,55688
57,0.0,2,56640
57,0.0,3,51760
57,0.0,4,47832
57,0.0,5,57912
58,0.0,1,44600
58,0.0,2,56192
58,0.0,3,48624
58,0.0,4,55224
58,0.0,5,44296
59,0.0,1,46664
59,0.0,2,52512
59,0.0,3,48968
59,0.0,4,47032
59,0.0,5,45760
60,0.0,1,54352
60,0.0,2,57288
60,0.0,3,47384
60,0.0,4,59024
60,0.0,5,49952
61,0.0,1,53344
61,0.0,2,61920
61,0.0,3,58792
61,0.0,4,62312
61,0.0,5,53888
62,0.0,1,54432
62,0.0,2,56080
62,0.0,3,50584
62,0.0,4,55864
62,0.0,5,58664
63,0.0,1,69144
63,0.0,2,70408
63,0.0,3,72064
63,0.0,4,51960
63,0.0,5,59144
64,0.0,1,53792
64,0.0,2,50752
64,0.0,3,57368
64,0.0,4,62976
64,0.0,5,61344
65,0.0,1,74136
65,0.0,2,65872
65,0.0,3,54568
65,0.0,4,53840
65,0.0,5,60712
66,0.0,1,55120
66,0.0,2,59072
66,0.0,3,60592
66,0.0,4,65888
66,0.0,5,71400
67,0.0,1,55872
67,0.0,2,71552
67,0.0,3,70272
67,0.0,4,54080
67,0.0,5,69968
68,0.0,1,56424
68,0.0,2,62784
68,0.0,3,61768
68,0.0,4,63552
68,0.0,5,62544
69,0.0,1,61904
69,0.0,2,56344
69,0.0,3,70488
69,0.0,4,69064
69,0.0,5,60928
70,0.0,1,62464
70,0.0,2,63624
70,0.0,3,66976
70,0.0,4,66184
70,0.0,5,62392
71,0.0,1,75304
71,0.0,2,54896
71,0.0,3,71032
71,0.0,4,65952
71,0.0,5,65728
72,0.0,1,59768
72,0.0,2,66168
72,0.0,3,59872
72,0.0,4,62648
72,0.0,5,57856
73,0.0,1,63456
73,0.0,2,71760
73,0.0,3,66224
73,0.0,4,63528
73,0.0,5,80216
74,0.0,1,70552
74,0.0,2,59400
74,0.0,3,69536
74,0.0,4,81440
74,0.0,5,65040
75,0.0,1,73304
75,0.0,2,69424
75,0.0,3,60736
75,0.0,4,86608
75,0.0,5,81640
76,0.0,1,57888
76,0.0,2,60008
76,0.0,3,67488
76,0.0,4,69616
76,0.0,5,65072
77,0.0,1,61440
77,0.0,2,74520
77,0.0,3,68280
77,0.0,4,82888
77,0.0,5,65848
78,0.0,1,68768
78,0.0,2,79544
78,0.0,3,69656
78,0.0,4,68056
78,0.0,5,79480
79,0.0,1,69632
79,0.0,2,71824
79,0.0,3,72824
79,0.0,4,57976
79,0.0,5,72424
80,0.0,1,79520
80,0.0,2,68528
80,0.0,3,65784
80,0.0,4,86080
80,0.0,5,68976
81,0.0,1,78328
81,0.0,2,79728
81,0.0,3,71880
81,0.0,4,73488
81,0.0,5,71552
82,0.0,1,78760
82,0.0,2,75816
82,0.0,3,70872
82,0.0,4,75416
82,0.0,5,72448
83,0.0,1,69952
83,0.0,2,84280
83,0.0,3,86216
83,0.0,4,76432
83,0.0,5,69616
84,0.0,1,72912
84,0.0,2,69912
84,0.0,3,84488
84,0.0,4,74072
84,0.0,5,80800
85,0.0,1,85288
85,0.0,2,77304
85,0.0,3,90344
85,0.0,4,85360
85,0.0,5,66160
86,0.0,1,86608
86,0.0,2,76624
86,0.0,3,77192
86,0.0,4,85424
86,0.0,5,78608
87,0.0,1,76128
87,0.0,2,82952
87,0.0,3,74488
87,0.0,4,95184
87,0.0,5,75320
88,0.0,1,88984
88,0.0,2,70272
88,0.0,3,100544
88,0.0,4,73808
88,0.0,5,70664
89,0.0,1,69400
89,0.0,2,80416
89,0.0,3,84784
89,0.0,4,90224
89,0.0,5,75200
90,0.0,1,90840
90,0.0,2,83720
90,0.0,3,79672
90,0.0,4,78976
90,0.0,5,79408
91,0.0,1,96224
91,0.0,2,86744
91,0.0,3,84000
91,0.0,4,83160
91,0.0,5,94160
92,0.0,1,74464
92,0.0,2,73344
92,0.0,3,82576
92,0.0,4,81400
92,0.0,5,85264
93,0.0,1,86400
93,0.0,2,91144
93,0.0,3,86488
93,0.0,4,88384
93,0.0,5,81344
94,0.0,1,87616
94,0.0,2,83608
94,0.0,3,96136
94,0.0,4,94560
94,0.0,5,80904
95,0.0,1,81864
95,0.0,2,80824
95,0.0,3,84320
95,0.0,4,98752
95,0.0,5,83112
96,0.0,1,96872
96,0.0,2,100416
96,0.0,3,87984
96,0.0,4,85928
96,0.0,5,86728
97,0.0,1,94208
97,0.0,2,79344
97,0.0,3,90232
97,0.0,4,115720
97,0.0,5,77600
98,0.0,1,89024
98,0.0,2,96032
98,0.0,3,79848
98,0.0,4,87376
98,0.0,5,84288
99,0.0,1,105112
99,0.0,2,87744
99,0.0,3,73720
99,0.0,4,100552
99,0.0,5,99904
100,0.0,1,85520
100,0.0,2,77424
100,0.0,3,96408
100,0.0,4,102504
100,0.0,5,91992
1,0.1,1,2040
1,0.1,2,2040
1,0.1,3,2040
1,0.1,4,2040
1,0.1,5,2040
2,0.1,1,2672
2,0.1,2,2576
2,0.1,3,2352
2,0.1,4,3912
2,0.1,5,4528
3,0.1,1,3656
3,0.1,2,2648
3,0.1,3,3984
3,0.1,4,3432
3,0.1,5,4360
4,0.1,1,6808
4,0.1,2,5216
4,0.1,3,6160
4,0.1,4,6120
4,0.1,5,5032
5,0.1,1,4640
5,0.1,2,5216
5,0.1,3,7456
5,0.1,4,7320
5,0.1,5,4656
6,0.1,1,7808
6,0.1,2,10704
6,0.1,3,7416
6,0.1,4,5368
6,0.1,5,6808
7,0.1,1,6544
7,0.1,2,11064
7,0.1,3,8552
7,0.1,4,9072
7,0.1,5,8408
8,0.1,1,6832
8,0.1,2,6152
8,0.1,3,8096
8,0.1,4,8832
8,0.1,5,9688
9,0.1,1,9440
9,0.1,2,6576
9,0.1,3,10696
9,0.1,4,9816
9,0.1,5,13496
10,0.1,1,8560
10,0.1,2,12408
10,0.1,3,9536
10,0.1,4,13144
10,0.1,5,13408
11,0.1,1,13784
11,0.1,2,13704
11,0.1,3,11696
11,0.1,4,10672
11,0.1,5,9216
12,0.1,1,10216
12,0.1,2,13664
12,0.1,3,11056
12,0.1,4,16056
12,0.1,5,11800
13,0.1,1,11792
13,0.1,2,12472
13,0.1,3,13584
13,0.1,4,8800
13,0.1,5,13624
14,0.1,1,16864
14,0.1,2,9600
14,0.1,3,10992
14,0.1,4,11584
14,0.1,5,14136
15,0.1,1,13872
15,0.1,2,12008
15,0.1,3,12800
15,0.1,4,9720
15,0.1,5,15240
16,0.1,1,11680
16,0.1,2,11816
16,0.1,3,17016
16,0.1,4,13632
16,0.1,5,14408
17,0.1,1,12568
17,0.1,2,17016
17,0.1,3,18344
17,0.1,4,14048
17,0.1,5,18088
18,0.1,1,19672
18,0.1,2,19912
18,0.1,3,15008
18,0.1,4,17816
18,0.1,5,22568
19,0.1,1,23864
19,0.1,2,21608
19,0.1,3,21864
19,0.1,4,20984
19,0.1,5,17728
20,0.1,1,18552
20,0.1,2,22296
20,0.1,3,17392
20,0.1,4,21176
20,0.1,5,20792
21,0.1,1,18632
21,0.1,2,18376
21,0.1,3,19736
21,0.1,4,21512
21,0.1,5,19440
22,0.1,1,15288
22,0.1,2,25208
22,0.1,3,21176
22,0.1,4,23952
22,0.1,5,21728
23,0.1,1,16016
23,0.1,2,19440
23,0.1,3,21536
23,0.1,4,18088
23,0.1,5,26392
24,0.1,1,23624
24,0.1,2,19760
24,0.1,3,26824
24,0.1,4,16496
24,0.1,5,18048
25,0.1,1,20016
25,0.1,2,24024
25,0.1,3,25976
25,0.1,4,23176
25,0.1,5,25944
26,0.1,1,27648
26,0.1,2,21768
26,0.1,3,21688
26,0.1,4,19800
26,0.1,5,20832
27,0.1,1,26792
27,0.1,2,21160
27,0.1,3,26304
27,0.1,4,29560
27,0.1,5,30800
28,0.1,1,24496
28,0.1,2,19568
28,0.1,3,25264
28,0.1,4,25048
28,0.1,5,20912
29,0.1,1,25640
29,0.1,2,23936
29,0.1,3,26080
29,0.1,4,22232
29,0.1,5,26016
30,0.1,1,24016
30,0.1,2,25544
30,0.1,3,20392
30,0.1,4,26872
30,0.1,5,27016
31,0.1,1,26560
31,0.1,2,23760
31,0.1,3,26656
31,0.1,4,24984
31,0.1,5,21648
32,0.1,1,33896
32,0.1,2,29760
32,0.1,3,35152
32,0.1,4,28880
32,0.1,5,29888
33,0.1,1,28176
33,0.1,2,22192
33,0.1,3,31464
33,0.1,4,30200
33,0.1,5,23984
34,0.1,1,35984
34,0.1,2,38208
34,0.1,3,35936
34,0.1,4,25600
34,0.1,5,31792
35,0.1,1,39984
35,0.1,2,26848
35,0.1,3,39128
35,0.1,4,38096
35,0.1,5,29144
36,0.1,1,37072
36,0.1,2,38608
36,0.1,3,31224
36,0.1,4,37528
36,0.1,5,28784
37,0.1,1,38072
37,0.1,2,29000
37,0.1,3,30536
37,0.1,4,41232
37,0.1,5,25096
38,0.1,1,31704
38,0.1,2,32352
38,0.1,3,35952
38,0.1,4,37240
38,0.1,5,41192
39,0.1,1,33392
39,0.1,2,37944
39,0.1,3,33232
39,0.1,4,34352
39,0.1,5,31304
40,0.1,1,39528
40,0.1,2,41752
40,0.1,3,38736
40,0.1,4,34296
40,0.1,5,46400
41,0.1,1,34416
41,0.1,2,38312
41,0.1,3,32344
41,0.1,4,51856
41,0.1,5,35264
42,0.1,1,27840
42,0.1,2,37128
42,0.1,3,38984
42,0.1,4,38320
42,0.1,5,34456
43,0.1,1,39184
43,0.1,2,36192
43,0.1,3,35048
43,0.1,4,31320
43,0.1,5,35592
44,0.1,1,39272
44,0.1,2,42976
44,0.1,3,47728
44,0.1,4,32208
44,0.1,5,49256
45,0.1,1,32896
45,0.1,2,52448
45,0.1,3,39512
45,0.1,4,38960
45,0.1,5,35744
46,0.1,1,39560
46,0.1,2,39464
46,0.1,3,34448
46,0.1,4,46464
46,0.1,5,45056
47,0.1,1,54080
47,0.1,2,48208
47,0.1,3,44200
47,0.1,4,45792
47,0.1,5,41872
48,0.1,1,40520
48,0.1,2,38448
48,0.1,3,45376
48,0.1,4,36536
48,0.1,5,39688
49,0.1,1,35872
49,0.1,2,42400
49,0.1,3,39064
49,0.1,4,41744
49,0.1,5,50864
50,0.1,1,44312
50,0.1,2,45120
50,0.1,3,54376
50,0.1,4,41768
50,0.1,5,47680
51,0.1,1,46448
51,0.1,2,40088
51,0.1,3,47088
51,0.1,4,44184
51,0.1,5,51320
52,0.1,1,39440
52,0.1,2,46224
52,0.1,3,47904
52,0.1,4,48720
52,0.1,5,52320
53,0.1,1,57472
53,0.1,2,46680
53,0.1,3,45976
53,0.1,4,47960
53,0.1,5,44840
54,0.1,1,60928
54,0.1,2,42976
54,0.1,3,47032
54,0.1,4,58392
54,0.1,5,55272
55,0.1,1,41368
55,0.1,2,59680
55,0.1,3,58600
55,0.1,4,47176
55,0.1,5,49352
56,0.1,1,43312
56,0.1,2,54752
56,0.1,3,62976
56,0.1,4,45464
56,0.1,5,46320
57,0.1,1,45656
57,0.1,2,51104
57,0.1,3,47376
57,0.1,4,56832
57,0.1,5,51488
58,0.1,1,44904
58,0.1,2,41792
58,0.1,3,62208
58,0.1,4,58320
58,0.1,5,45952
59,0.1,1,57440
59,0.1,2,49008
59,0.1,3,54120
59,0.1,4,48496
59,0.1,5,45528
60,0.1,1,41920
60,0.1,2,51808
60,0.1,3,64528
60,0.1,4,48976
60,0.1,5,60640
61,0.1,1,51040
61,0.1,2,51192
61,0.1,3,49872
61,0.1,4,46112
61,0.1,5,52608
62,0.1,1,59624
62,0.1,2,62776
62,0.1,3,65640
62,0.1,4,60864
62,0.1,5,59920
63,0.1,1,53640
63,0.1,2,53344
63,0.1,3,63008
63,0.1,4,59384
63,0.1,5,56008
64,0.1,1,67096
64,0.1,2,54840
64,0.1,3,51976
64,0.1,4,54864
64,0.1,5,55976
65,0.1,1,62040
65,0.1,2,51112
65,0.1,3,67304
65,0.1,4,58728
65,0.1,5,55200
66,0.1,1,65936
66,0.1,2,65360
66,0.1,3,60112
66,0.1,4,57064
66,0.1,5,57720
67,0.1,1,65032
67,0.1,2,58344
67,0.1,3,57488
67,0.1,4,65224
67,0.1,5,59256
68,0.1,1,55208
68,0.1,2,73840
68,0.1,3,68640
68,0.1,4,57976
68,0.1,5,62544
69,0.1,1,58600
69,0.1,2,68248
69,0.1,3,71432
69,0.1,4,61936
69,0.1,5,61784
70,0.1,1,54792
70,0.1,2,58320
70,0.1,3,59624
70,0.1,4,57456
70,0.1,5,61424
71,0.1,1,65200
71,0.1,2,62600
71,0.1,3,64848
71,0.1,4,60192
71,0.1,5,60968
72,0.1,1,59376
72,0.1,2,58144
72,0.1,3,61792
72,0.1,4,54032
72,0.1,5,56720
73,0.1,1,63520
73,0.1,2,63264
73,0.1,3,72488
73,0.1,4,63208
73,0.1,5,71400
74,0.1,1,73464
74,0.1,2,73608
74,0.1,3,70648
74,0.1,4,81848
74,0.1,5,62616
75,0.1,1,71584
75,0.1,2,69856
75,0.1,3,71376
75,0.1,4,71872
75,0.1,5,73376
76,0.1,1,70608
76,0.1,2,79952
76,0.1,3,69344
76,0.1,4,68592
76,0.1,5,72360
77,0.1,1,92096
77,0.1,2,70312
77,0.1,3,87320
77,0.1,4,76504
77,0.1,5,78104
78,0.1,1,86952
78,0.1,2,63168
78,0.1,3,51000
78,0.1,4,58024
78,0.1,5,69656
79,0.1,1,74360
79,0.1,2,77136
79,0.1,3,69720
79,0.1,4,70080
79,0.1,5,65592
80,0.1,1,74320
80,0.1,2,81336
80,0.1,3,65248
80,0.1,4,53776
80,0.1,5,70768
81,0.1,1,79248
81,0.1,2,71016
81,0.1,3,70144
81,0.1,4,82072
81,0.1,5,73592
82,0.1,1,76976
82,0.1,2,73440
82,0.1,3,66104
82,0.1,4,74800
82,0.1,5,69224
83,0.1,1,79016
83,0.1,2,67976
83,0.1,3,75592
83,0.1,4,85688
83,0.1,5,75240
84,0.1,1,70864
84,0.1,2,72448
84,0.1,3,75408
84,0.1,4,75104
84,0.1,5,73816
85,0.1,1,71168
85,0.1,2,75048
85,0.1,3,65480
85,0.1,4,81168
85,0.1,5,81616
86,0.1,1,92560
86,0.1,2,96088
86,0.1,3,73600
86,0.1,4,74328
86,0.1,5,79440
87,0.1,1,84160
87,0.1,2,82568
87,0.1,3,73520
87,0.1,4,84040
87,0.1,5,76976
88,0.1,1,75432
88,0.1,2,72560
88,0.1,3,75912
88,0.1,4,93712
88,0.1,5,63712
89,0.1,1,82664
89,0.1,2,78800
89,0.1,3,77688
89,0.1,4,87512
89,0.1,5,78432
90,0.1,1,93152
90,0.1,2,87488
90,0.1,3,72928
90,0.1,4,83968
90,0.1,5,73328
91,0.1,1,80712
91,0.1,2,86528
91,0.1,3,94976
91,0.1,4,95872
91,0.1,5,79296
92,0.1,1,110848
92,0.1,2,73192
92,0.1,3,77200
92,0.1,4,83704
92,0.1,5,75840
93,0.1,1,89016
93,0.1,2,86696
93,0.1,3,98768
93,0.1,4,85616
93,0.1,5,80576
94,0.1,1,83880
94,0.1,2,82720
94,0.1,3,61072
94,0.1,4,93656
94,0.1,5,92368
95,0.1,1,88648
95,0.1,2,79392
95,0.1,3,85192
95,0.1,4,82232
95,0.1,5,77384
96,0.1,1,80896
96,0.1,2,82424
96,0.1,3,82776
96,0.1,4,87432
96,0.1,5,76080
97,0.1,1,96280
97,0.1,2,89264
97,0.1,3,92424
97,0.1,4,79232
97,0.1,5,88360
98,0.1,1,88840
98,0.1,2,99680
98,0.1,3,78624
98,0.1,4,84896
98,0.1,5,76136
99,0.1,1,96952
99,0.1,2,96120
99,0.1,3,82552
99,0.1,4,78520
99,0.1,5,91704
100,0.1,1,100904
100,0.1,2,100480
100,0.1,3,80152
100,0.1,4,100960
100,0.1,5,79744
1,0.2,1,2040
1,0.2,2,2040
1,0.2,3,2040
1,0.2,4,2040
1,0.2,5,2040
2,0.2,1,2352
2,0.2,2,2592
2,0.2,3,3432
2,0.2,4,2576
2,0.2,5,3056
3,0.2,1,2568
3,0.2,2,3624
3,0.2,3,3232
3,0.2,4,3696
3,0.2,5,2992
4,0.2,1,3192
4,0.2,2,4952
4,0.2,3,5416
4,0.2,4,6936
4,0.2,5,4240
5,0.2,1,7000
5,0.2,2,9160
5,0.2,3,5896
5,0.2,4,5872
5,0.2,5,6280
6,0.2,1,6640
6,0.2,2,6984
6,0.2,3,7904
6,0.2,4,9168
6,0.2,5,7512
7,0.2,1,12752
7,0.2,2,7872
7,0.2,3,7520
7,0.2,4,7064
7,0.2,5,7912
8,0.2,1,10048
8,0.2,2,6816
8,0.2,3,6896
8,0.2,4,6408
8,0.2,5,10896
9,0.2,1,8832
9,0.2,2,12432
9,0.2,3,11448
9,0.2,4,8160
9,0.2,5,8720
10,0.2,1,12504
10,0.2,2,12640
10,0.2,3,9616
10,0.2,4,12392
10,0.2,5,10520
11,0.2,1,7240
11,0.2,2,10568
11,0.2,3,8512
11,0.2,4,10032
11,0.2,5,9928
12,0.2,1,11584
12,0.2,2,13800
12,0.2,3,12240
12,0.2,4,13504
12,0.2,5,7056
13,0.2,1,8592
13,0.2,2,16696
13,0.2,3,11496
13,0.2,4,9648
13,0.2,5,8472
14,0.2,1,13640
14,0.2,2,12424
14,0.2,3,19032
14,0.2,4,12184
14,0.2,5,11576
15,0.2,1,12792
15,0.2,2,20472
15,0.2,3,15416
15,0.2,4,16160
15,0.2,5,19376
16,0.2,1,17208
16,0.2,2,14512
16,0.2,3,19240
16,0.2,4,15232
16,0.2,5,14272
17,0.2,1,20448
17,0.2,2,14480
17,0.2,3,13960
17,0.2,4,15944
17,0.2,5,12712
18,0.2,1,24056
18,0.2,2,14280
18,0.2,3,26736
18,0.2,4,24712
18,0.2,5,16016
19,0.2,1,19144
19,0.2,2,15528
19,0.2,3,22888
19,0.2,4,14952
19,0.2,5,13928
20,0.2,1,20496
20,0.2,2,13288
20,0.2,3,11456
20,0.2,4,21712
20,0.2,5,17048
21,0.2,1,19984
21,0.2,2,22248
21,0.2,3,19896
21,0.2,4,17840
21,0.2,5,22152
22,0.2,1,15088
22,0.2,2,29336
22,0.2,3,17816
22,0.2,4,21112
22,0.2,5,18656
23,0.2,1,20096
23,0.2,2,19152
23,0.2,3,14680
23,0.2,4,21272
23,0.2,5,24352
24,0.2,1,30320
24,0.2,2,21504
24,0.2,3,19240
24,0.2,4,26224
24,0.2,5,20416
25,0.2,1,21432
25,0.2,2,19400
25,0.2,3,24400
25,0.2,4,19304
25,0.2,5,22024
26,0.2,1,27576
26,0.2,2,28680
26,0.2,3,22928
26,0.2,4,25464
26,0.2,5,24592
27,0.2,1,25504
27,0.2,2,21872
27,0.2,3,29912
27,0.2,4,21392
27,0.2,5,18312
28,0.2,1,25104
28,0.2,2,22040
28,0.2,3,31200
28,0.2,4,24536
28,0.2,5,25696
29,0.2,1,31840
29,0.2,2,24504
29,0.2,3,34208
29,0.2,4,31600
29,0.2,5,25208
30,0.2,1,29168
30,0.2,2,29656
30,0.2,3,20264
30,0.2,4,32712
30,0.2,5,29392
31,0.2,1,30752
31,0.2,2,26000
31,0.2,3,19880
31,0.2,4,34024
31,0.2,5,25888
32,0.2,1,38648
32,0.2,2,28512
32,0.2,3,24808
32,0.2,4,27760
32,0.2,5,27408
33,0.2,1,29064
33,0.2,2,29096
33,0.2,3,31192
33,0.2,4,24552
33,0.2,5,29808
34,0.2,1,37224
34,0.2,2,39768
34,0.2,3,31992
34,0.2,4,30144
34,0.2,5,30216
35,0.2,1,41280
35,0.2,2,37888
35,0.2,3,31736
35,0.2,4,29744
35,0.2,5,31256
36,0.2,1,39256
36,0.2,2,29568
36,0.2,3,35904
36,0.2,4,33200
36,0.2,5,30584
37,0.2,1,24704
37,0.2,2,34240
37,0.2,3,34584
37,0.2,4,33280
37,0.2,5,30056
38,0.2,1,27160
38,0.2,2,31424
38,0.2,3,36736
38,0.2,4,39168
38,0.2,5,35560
39,0.2,1,30104
39,0.2,2,37312
39,0.2,3,42744
39,0.2,4,31608
39,0.2,5,45360
40,0.2,1,31544
40,0.2,2,34560
40,0.2,3,40456
40,0.2,4,33776
40,0.2,5,31456
41,0.2,1,42480
41,0.2,2,35704
41,0.2,3,40040
41,0.2,4,39936
41,0.2,5,33680
42,0.2,1,39312
42,0.2,2,35440
42,0.2,3,36352
42,0.2,4,42944
42,0.2,5,44768
43,0.2,1,31576
43,0.2,2,37792
43,0.2,3,44888
43,0.2,4,40824
43,0.2,5,45416
44,0.2,1,47672
44,0.2,2,42768
44,0.2,3,36120
44,0.2,4,29400
44,0.2,5,38984
45,0.2,1,38384
45,0.2,2,40416
45,0.2,3,42040
45,0.2,4,44632
45,0.2,5,39472
46,0.2,1,50288
46,0.2,2,47784
46,0.2,3,36688
46,0.2,4,46976
46,0.2,5,37344
47,0.2,1,41616
47,0.2,2,45224
47,0.2,3,48320
47,0.2,4,46512
47,0.2,5,38848
48,0.2,1,41520
48,0.2,2,48136
48,0.2,3,35568
48,0.2,4,48360
48,0.2,5,45744
49,0.2,1,54944
49,0.2,2,44472
49,0.2,3,44536
49,0.2,4,38120
49,0.2,5,37040
50,0.2,1,39720
50,0.2,2,44872
50,0.2,3,37104
50,0.2,4,47096
50,0.2,5,46280
51,0.2,1,45576
51,0.2,2,45944
51,0.2,3,42736
51,0.2,4,46504
51,0.2,5,39920
52,0.2,1,52960
52,0.2,2,42928
52,0.2,3,53088
52,0.2,4,45520
52,0.2,5,52264
53,0.2,1,50928
53,0.2,2,46168
53,0.2,3,45504
53,0.2,4,48848
53,0.2,5,58776
54,0.2,1,47384
54,0.2,2,59152
54,0.2,3,45696
54,0.2,4,62232
54,0.2,5,40808
55,0.2,1,50776
55,0.2,2,44752
55,0.2,3,58992
55,0.2,4,52872
55,0.2,5,49608
56,0.2,1,49784
56,0.2,2,56360
56,0.2,3,53992
56,0.2,4,59032
56,0.2,5,46544
57,0.2,1,59200
57,0.2,2,47392
57,0.2,3,66440
57,0.2,4,55112
57,0.2,5,56784
58,0.2,1,46864
58,0.2,2,41448
58,0.2,3,62272
58,0.2,4,44096
58,0.2,5,58376
59,0.2,1,52312
59,0.2,2,55640
59,0.2,3,46104
59,0.2,4,57464
59,0.2,5,54384
60,0.2,1,67696
60,0.2,2,45512
60,0.2,3,59160
60,0.2,4,58872
60,0.2,5,51184
61,0.2,1,54488
61,0.2,2,50600
61,0.2,3,59992
61,0.2,4,53640
61,0.2,5,53216
62,0.2,1,63584
62,0.2,2,61112
62,0.2,3,62944
62,0.2,4,55880
62,0.2,5,54040
63,0.2,1,48816
63,0.2,2,49440
63,0.2,3,50552
63,0.2,4,60728
63,0.2,5,47432
64,0.2,1,62016
64,0.2,2,54568
64,0.2,3,55144
64,0.2,4,67872
64,0.2,5,57480
65,0.2,1,57160
65,0.2,2,53664
65,0.2,3,64728
65,0.2,4,70904
65,0.2,5,49048
66,0.2,1,50088
66,0.2,2,67328
66,0.2,3,60912
66,0.2,4,59016
66,0.2,5,61320
67,0.2,1,60872
67,0.2,2,65048
67,0.2,3,68184
67,0.2,4,57520
67,0.2,5,67736
68,0.2,1,66768
68,0.2,2,61072
68,0.2,3,64248
68,0.2,4,80248
68,0.2,5,48464
69,0.2,1,58256
69,0.2,2,64296
69,0.2,3,64712
69,0.2,4,64320
69,0.2,5,63712
70,0.2,1,64360
70,0.2,2,66808
70,0.2,3,61128
70,0.2,4,67104
70,0.2,5,64544
71,0.2,1,59128
71,0.2,2,56384
71,0.2,3,59792
71,0.2,4,73392
71,0.2,5,61456
72,0.2,1,77568
72,0.2,2,76496
72,0.2,3,70536
72,0.2,4,58744
72,0.2,5,66232
73,0.2,1,81456
73,0.2,2,60472
73,0.2,3,68696
73,0.2,4,63040
73,0.2,5,75656
74,0.2,1,60896
74,0.2,2,59840
74,0.2,3,79088
74,0.2,4,73208
74,0.2,5,62984
75,0.2,1,57912
75,0.2,2,64728
75,0.2,3,62512
75,0.2,4,60864
75,0.2,5,56720
76,0.2,1,85040
76,0.2,2,60528
76,0.2,3,71128
76,0.2,4,76536
76,0.2,5,74592
77,0.2,1,80896
77,0.2,2,71472
77,0.2,3,75960
77,0.2,4,71400
77,0.2,5,76360
78,0.2,1,73904
78,0.2,2,69584
78,0.2,3,69264
78,0.2,4,79792
78,0.2,5,66856
79,0.2,1,66992
79,0.2,2,73392
79,0.2,3,58472
79,0.2,4,73712
79,0.2,5,78208
80,0.2,1,72544
80,0.2,2,67208
80,0.2,3,70168
80,0.2,4,70120
80,0.2,5,56744
81,0.2,1,90752
81,0.2,2,80416
81,0.2,3,62008
81,0.2,4,67528
81,0.2,5,67976
82,0.2,1,83160
82,0.2,2,75936
82,0.2,3,83680
82,0.2,4,79760
82,0.2,5,74136
83,0.2,1,85256
83,0.2,2,89760
83,0.2,3,69392
83,0.2,4,77600
83,0.2,5,76024
84,0.2,1,60816
84,0.2,2,69768
84,0.2,3,86696
84,0.2,4,87432
84,0.2,5,72576
85,0.2,1,65624
85,0.2,2,71856
85,0.2,3,70688
85,0.2,4,82200
85,0.2,5,73584
86,0.2,1,78672
86,0.2,2,76312
86,0.2,3,68064
86,0.2,4,94968
86,0.2,5,74976
87,0.2,1,85448
87,0.2,2,72424
87,0.2,3,77456
87,0.2,4,72144
87,0.2,5,87944
88,0.2,1,78864
88,0.2,2,74552
88,0.2,3,82072
88,0.2,4,76672
88,0.2,5,80136
89,0.2,1,71144
89,0.2,2,85904
89,0.2,3,85960
89,0.2,4,81064
89,0.2,5,73600
90,0.2,1,83288
90,0.2,2,67200
90,0.2,3,77896
90,0.2,4,86168
90,0.2,5,75152
91,0.2,1,89320
91,0.2,2,82464
91,0.2,3,73000
91,0.2,4,88048
91,0.2,5,91256
92,0.2,1,84440
92,0.2,2,84688
92,0.2,3,82200
92,0.2,4,85056
92,0.2,5,73152
93,0.2,1,80136
93,0.2,2,104264
93,0.2,3,85232
93,0.2,4,84584
93,0.2,5,96720
94,0.2,1,100928
94,0.2,2,79096
94,0.2,3,96752
94,0.2,4,88296
94,0.2,5,88584
95,0.2,1,95496
95,0.2,2,85192
95,0.2,3,89512
95,0.2,4,98456
95,0.2,5,101040
96,0.2,1,95696
96,0.2,2,101120
96,0.2,3,99752
96,0.2,4,101440
96,0.2,5,80096
97,0.2,1,90584
97,0.2,2,84328
97,0.2,3,82720
97,0.2,4,91504
97,0.2,5,84920
98,0.2,1,94288
98,0.2,2,95368
98,0.2,3,81784
98,0.2,4,101392
98,0.2,5,92088
99,0.2,1,84768
99,0.2,2,87040
99,0.2,3,92744
99,0.2,4,90264
99,0.2,5,87808
100,0.2,1,97144
100,0.2,2,88440
100,0.2,3,91592
100,0.2,4,99368
100,0.2,5,85240
1,0.3,1,2040
1,0.3,2,2040
1,0.3,3,2040
1,0.3,4,2040
1,0.3,5,2040
2,0.3,1,2744
2,0.3,2,2352
2,0.3,3,4880
2,0.3,4,2536
2,0.3,5,4328
3,0.3,1,3992
3,0.3,2,4920
3,0.3,3,4136
3,0.3,4,3528
3,0.3,5,4040
4,0.3,1,7464
4,0.3,2,5160
4,0.3,3,4704
4,0.3,4,4512
4,0.3,5,4392
5,0.3,1,7528
5,0.3,2,7856
5,0.3,3,5312
5,0.3,4,5592
5,0.3,5,5288
6,0.3,1,5008
6,0.3,2,7832
6,0.3,3,5208
6,0.3,4,6392
6,0.3,5,7384
7,0.3,1,7824
7,0.3,2,9280
7,0.3,3,7240
7,0.3,4,7792
7,0.3,5,4432
8,0.3,1,9920
8,0.3,2,8832
8,0.3,3,11632
8,0.3,4,6984
8,0.3,5,6856
9,0.3,1,13152
9,0.3,2,9304
9,0.3,3,10048
9,0.3,4,7104
9,0.3,5,11704
10,0.3,1,7504
10,0.3,2,9840
10,0.3,3,11528
10,0.3,4,10232
10,0.3,5,9352
11,0.3,1,10904
11,0.3,2,11312
11,0.3,3,13200
11,0.3,4,14648
11,0.3,5,10632
12,0.3,1,9448
12,0.3,2,16856
12,0.3,3,9048
12,0.3,4,9392
12,0.3,5,6728
13,0.3,1,13280
13,0.3,2,12144
13,0.3,3,13872
13,0.3,4,14344
13,0.3,5,17200
14,0.3,1,12200
14,0.3,2,10208
14,0.3,3,14256
14,0.3,4,12488
14,0.3,5,12624
15,0.3,1,13440
15,0.3,2,13552
15,0.3,3,11392
15,0.3,4,15976
15,0.3,5,14648
16,0.3,1,11632
16,0.3,2,13264
16,0.3,3,14768
16,0.3,4,12160
16,0.3,5,16488
17,0.3,1,20648
17,0.3,2,10984
17,0.3,3,19152
17,0.3,4,12136
17,0.3,5,12296
18,0.3,1,16776
18,0.3,2,12456
18,0.3,3,14232
18,0.3,4,23536
18,0.3,5,15504
19,0.3,1,17416
19,0.3,2,17008
19,0.3,3,18616
19,0.3,4,19904
19,0.3,5,16720
20,0.3,1,15128
20,0.3,2,18048
20,0.3,3,24488
20,0.3,4,15208
20,0.3,5,18648
21,0.3,1,23584
21,0.3,2,15584
21,0.3,3,13728
21,0.3,4,21016
21,0.3,5,18720
22,0.3,1,20552
22,0.3,2,19800
22,0.3,3,20624
22,0.3,4,20488
22,0.3,5,19616
23,0.3,1,19624
23,0.3,2,22488
23,0.3,3,25728
23,0.3,4,26896
23,0.3,5,21200
24,0.3,1,22736
24,0.3,2,20728
24,0.3,3,23960
24,0.3,4,26112
24,0.3,5,19616
25,0.3,1,21008
25,0.3,2,25560
25,0.3,3,23784
25,0.3,4,19744
25,0.3,5,18384
26,0.3,1,24000
26,0.3,2,31424
26,0.3,3,26408
26,0.3,4,21704
26,0.3,5,22392
27,0.3,1,27752
27,0.3,2,22616
27,0.3,3,20816
27,0.3,4,20400
27,0.3,5,24160
28,0.3,1,31696
28,0.3,2,29128
28,0.3,3,24616
28,0.3,4,25352
28,0.3,5,21912
29,0.3,1,26656
29,0.3,2,25056
29,0.3,3,23944
29,0.3,4,26832
29,0.3,5,29000
30,0.3,1,34016
30,0.3,2,27704
30,0.3,3,31512
30,0.3,4,26496
30,0.3,5,23224
31,0.3,1,23344
31,0.3,2,33056
31,0.3,3,33704
31,0.3,4,29984
31,0.3,5,28752
32,0.3,1,32112
32,0.3,2,27792
32,0.3,3,24792
32,0.3,4,26744
32,0.3,5,24272
33,0.3,1,27768
33,0.3,2,28992
33,0.3,3,38288
33,0.3,4,31832
33,0.3,5,28200
34,0.3,1,29120
34,0.3,2,24144
34,0.3,3,31256
34,0.3,4,33272
34,0.3,5,29000
35,0.3,1,33216
35,0.3,2,33520
35,0.3,3,35152
35,0.3,4,30368
35,0.3,5,29328
36,0.3,1,34872
36,0.3,2,35864
36,0.3,3,30128
36,0.3,4,33032
36,0.3,5,26872
37,0.3,1,37152
37,0.3,2,31152
37,0.3,3,32624
37,0.3,4,30856
37,0.3,5,23904
38,0.3,1,38336
38,0.3,2,32776
38,0.3,3,33752
38,0.3,4,29912
38,0.3,5,30768
39,0.3,1,32696
39,0.3,2,35192
39,0.3,3,26464
39,0.3,4,35360
39,0.3,5,28272
40,0.3,1,36344
40,0.3,2,43784
40,0.3,3,30184
40,0.3,4,31512
40,0.3,5,40200
41,0.3,1,38632
41,0.3,2,33384
41,0.3,3,37256
41,0.3,4,42672
41,0.3,5,39984
42,0.3,1,40512
42,0.3,2,25792
42,0.3,3,33776
42,0.3,4,40128
42,0.3,5,33792
43,0.3,1,33760
43,0.3,2,42496
43,0.3,3,36728
43,0.3,4,32624
43,0.3,5,34808
44,0.3,1,43440
44,0.3,2,33384
44,0.3,3,27512
44,0.3,4,37664
44,0.3,5,33744
45,0.3,1,43464
45,0.3,2,37520
45,0.3,3,44496
45,0.3,4,40000
45,0.3,5,40592
46,0.3,1,35104
46,0.3,2,40424
46,0.3,3,39688
46,0.3,4,48728
46,0.3,5,36568
47,0.3,1,47736
47,0.3,2,43336
47,0.3,3,50168
47,0.3,4,47432
47,0.3,5,40616
48,0.3,1,57464
48,0.3,2,50072
48,0.3,3,49208
48,0.3,4,38128
48,0.3,5,42400
49,0.3,1,38248
49,0.3,2,41936
49,0.3,3,42424
49,0.3,4,48272
49,0.3,5,40992
50,0.3,1,50056
50,0.3,2,56888
50,0.3,3,45392
50,0.3,4,51672
50,0.3,5,52112
51,0.3,1,46720
51,0.3,2,45472
51,0.3,3,44296
51,0.3,4,48552
51,0.3,5,54176
52,0.3,1,46632
52,0.3,2,42456
52,0.3,3,51928
52,0.3,4,49552
52,0.3,5,41424
53,0.3,1,40840
53,0.3,2,57088
53,0.3,3,49496
53,0.3,4,45584
53,0.3,5,40664
54,0.3,1,49480
54,0.3,2,44728
54,0.3,3,45792
54,0.3,4,44648
54,0.3,5,46280
55,0.3,1,55000
55,0.3,2,46944
55,0.3,3,54200
55,0.3,4,60048
55,0.3,5,44488
56,0.3,1,49912
56,0.3,2,52992
56,0.3,3,45856
56,0.3,4,56248
56,0.3,5,39672
57,0.3,1,56360
57,0.3,2,59928
57,0.3,3,64712
57,0.3,4,55336
57,0.3,5,55992
58,0.3,1,55400
58,0.3,2,55200
58,0.3,3,48688
58,0.3,4,40920
58,0.3,5,50696
59,0.3,1,53432
59,0.3,2,57960
59,0.3,3,53760
59,0.3,4,51744
59,0.3,5,46240
60,0.3,1,48808
60,0.3,2,55888
60,0.3,3,54272
60,0.3,4,48208
60,0.3,5,48336
61,0.3,1,49136
61,0.3,2,46392
61,0.3,3,47408
61,0.3,4,61216
61,0.3,5,62456
62,0.3,1,55744
62,0.3,2,56240
62,0.3,3,57184
62,0.3,4,59280
62,0.3,5,69608
63,0.3,1,54968
63,0.3,2,52176
63,0.3,3,60392
63,0.3,4,55960
63,0.3,5,55536
64,0.3,1,62712
64,0.3,2,61336
64,0.3,3,69712
64,0.3,4,58000
64,0.3,5,65792
65,0.3,1,66504
65,0.3,2,63120
65,0.3,3,53496
65,0.3,4,65640
65,0.3,5,50368
66,0.3,1,51160
66,0.3,2,60520
66,0.3,3,57376
66,0.3,4,60800
66,0.3,5,66552
67,0.3,1,68520
67,0.3,2,54680
67,0.3,3,54720
67,0.3,4,67464
67,0.3,5,61840
68,0.3,1,62976
68,0.3,2,59152
68,0.3,3,56936
68,0.3,4,65992
68,0.3,5,68856
69,0.3,1,61408
69,0.3,2,67040
69,0.3,3,58072
69,0.3,4,58632
69,0.3,5,59096
70,0.3,1,56048
70,0.3,2,61264
70,0.3,3,56320
70,0.3,4,61960
70,0.3,5,55672
71,0.3,1,56608
71,0.3,2,59392
71,0.3,3,57224
71,0.3,4,64800
71,0.3,5,71688
72,0.3,1,65672
72,0.3,2,60384
72,0.3,3,71920
72,0.3,4,69576
72,0.3,5,65824
73,0.3,1,84208
73,0.3,2,60976
73,0.3,3,57520
73,0.3,4,55656
73,0.3,5,70568
74,0.3,1,62880
74,0.3,2,56040
74,0.3,3,61936
74,0.3,4,72616
74,0.3,5,64640
75,0.3,1,76800
75,0.3,2,63056
75,0.3,3,71976
75,0.3,4,73144
75,0.3,5,57480
76,0.3,1,73072
76,0.3,2,71856
76,0.3,3,71480
76,0.3,4,53912
76,0.3,5,67376
77,0.3,1,73280
77,0.3,2,53720
77,0.3,3,73344
77,0.3,4,71760
77,0.3,5,77224
78,0.3,1,85368
78,0.3,2,73184
78,0.3,3,75992
78,0.3,4,71936
78,0.3,5,71760
79,0.3,1,60064
79,0.3,2,64560
79,0.3,3,73552
79,0.3,4,74128
79,0.3,5,70720
80,0.3,1,73112
80,0.3,2,70576
80,0.3,3,71120
80,0.3,4,67864
80,0.3,5,68560
81,0.3,1,88728
81,0.3,2,65400
81,0.3,3,72432
81,0.3,4,78512
81,0.3,5,59160
82,0.3,1,64672
82,0.3,2,66408
82,0.3,3,87888
82,0.3,4,82208
82,0.3,5,76616
83,0.3,1,63728
83,0.3,2,82448
83,0.3,3,76576
83,0.3,4,70848
83,0.3,5,84064
84,0.3,1,65944
84,0.3,2,80856
84,0.3,3,74960
84,0.3,4,76192
84,0.3,5,70696
85,0.3,1,83944
85,0.3,2,67464
85,0.3,3,86896
85,0.3,4,88464
85,0.3,5,76968
86,0.3,1,90992
86,0.3,2,64928
86,0.3,3,73376
86,0.3,4,74920
86,0.3,5,90720
87,0.3,1,80592
87,0.3,2,77800
87,0.3,3,82872
87,0.3,4,82416
87,0.3,5,99880
88,0.3,1,75536
88,0.3,2,89824
88,0.3,3,81192
88,0.3,4,78192
88,0.3,5,87784
89,0.3,1,72416
89,0.3,2,94072
89,0.3,3,82888
89,0.3,4,87584
89,0.3,5,78928
90,0.3,1,82864
90,0.3,2,90872
90,0.3,3,82240
90,0.3,4,89872
90,0.3,5,83720
91,0.3,1,74640
91,0.3,2,78792
91,0.3,3,96680
91,0.3,4,66376
91,0.3,5,92096
92,0.3,1,65920
92,0.3,2,85880
92,0.3,3,83512
92,0.3,4,80768
92,0.3,5,89576
93,0.3,1,83432
93,0.3,2,92720
93,0.3,3,94168
93,0.3,4,89248
93,0.3,5,77600
94,0.3,1,87472
94,0.3,2,79680
94,0.3,3,87096
94,0.3,4,74192
94,0.3,5,87416
95,0.3,1,82288
95,0.3,2,84320
95,0.3,3,92592
95,0.3,4,103416
95,0.3,5,84856
96,0.3,1,91800
96,0.3,2,84608
96,0.3,3,83784
96,0.3,4,93512
96,0.3,5,87376
97,0.3,1,83224
97,0.3,2,101888
97,0.3,3,90488
97,0.3,4,84152
97,0.3,5,85560
98,0.3,1,79760
98,0.3,2,88496
98,0.3,3,77896
98,0.3,4,95128
98,0.3,5,93808
99,0.3,1,86792
99,0.3,2,83272
99,0.3,3,94872
99,0.3,4,89856
99,0.3,5,82904
100,0.3,1,100568
100,0.3,2,94488
100,0.3,3,89880
100,0.3,4,95712
100,0.3,5,100600
1,0.4,1,2040
1,0.4,2,2040
1,0.4,3,2040
1,0.4,4,2040
1,0.4,5,2040
2,0.4,1,2392
2,0.4,2,3568
2,0.4,3,2576
2,0.4,4,2312
2,0.4,5,3800
3,0.4,1,3736
3,0.4,2,6112
3,0.4,3,2624
3,0.4,4,4744
3,0.4,5,3024
4,0.4,1,4808
4,0.4,2,6040
4,0.4,3,4672
4,0.4,4,5552
4,0.4,5,3224
5,0.4,1,7536
5,0.4,2,5544
5,0.4,3,6408
5,0.4,4,5464
5,0.4,5,5704
6,0.4,1,5592
6,0.4,2,7032
6,0.4,3,4480
6,0.4,4,5032
6,0.4,5,6128
7,0.4,1,5704
7,0.4,2,8712
7,0.4,3,7576
7,0.4,4,5848
7,0.4,5,5344
8,0.4,1,8144
8,0.4,2,9136
8,0.4,3,7688
8,0.4,4,8712
8,0.4,5,7776
9,0.4,1,9016
9,0.4,2,8408
9,0.4,3,9696
9,0.4,4,8976
9,0.4,5,10456
10,0.4,1,6640
10,0.4,2,15952
10,0.4,3,11336
10,0.4,4,11824
10,0.4,5,10376
11,0.4,1,11448
11,0.4,2,8760
11,0.4,3,12200
11,0.4,4,10936
11,0.4,5,11112
12,0.4,1,12648
12,0.4,2,12664
12,0.4,3,12712
12,0.4,4,11472
12,0.4,5,11256
13,0.4,1,16216
13,0.4,2,14544
13,0.4,3,18448
13,0.4,4,12040
13,0.4,5,18296
14,0.4,1,16608
14,0.4,2,13424
14,0.4,3,15016
14,0.4,4,10920
14,0.4,5,12464
15,0.4,1,11120
15,0.4,2,13040
15,0.4,3,11136
15,0.4,4,12592
15,0.4,5,15416
16,0.4,1,13768
16,0.4,2,17824
16,0.4,3,15752
16,0.4,4,18328
16,0.4,5,13920
17,0.4,1,13872
17,0.4,2,14784
17,0.4,3,13072
17,0.4,4,16560
17,0.4,5,16704
18,0.4,1,18976
18,0.4,2,14648
18,0.4,3,18712
18,0.4,4,18664
18,0.4,5,16064
19,0.4,1,16920
19,0.4,2,20528
19,0.4,3,13128
19,0.4,4,18544
19,0.4,5,16624
20,0.4,1,16352
20,0.4,2,22344
20,0.4,3,22560
20,0.4,4,19208
20,0.4,5,14392
21,0.4,1,26576
21,0.4,2,23136
21,0.4,3,17000
21,0.4,4,22008
21,0.4,5,14288
22,0.4,1,14424
22,0.4,2,21232
22,0.4,3,24384
22,0.4,4,26360
22,0.4,5,23904
23,0.4,1,26072
23,0.4,2,22368
23,0.4,3,20664
23,0.4,4,23360
23,0.4,5,21728
24,0.4,1,29664
24,0.4,2,25776
24,0.4,3,26232
24,0.4,4,22232
24,0.4,5,22784
25,0.4,1,31872
25,0.4,2,23872
25,0.4,3,22536
25,0.4,4,21552
25,0.4,5,28024
26,0.4,1,28120
26,0.4,2,22056
26,0.4,3,24560
26,0.4,4,29744
26,0.4,5,19680
27,0.4,1,29120
27,0.4,2,22976
27,0.4,3,26344
27,0.4,4,24072
27,0.4,5,25496
28,0.4,1,26128
28,0.4,2,32920
28,0.4,3,21448
28,0.4,4,25600
28,0.4,5,23064
29,0.4,1,28264
29,0.4,2,28280
29,0.4,3,22872
29,0.4,4,34656
29,0.4,5,33424
30,0.4,1,34848
30,0.4,2,28560
30,0.4,3,31008
30,0.4,4,24832
30,0.4,5,29920
31,0.4,1,27352
31,0.4,2,29760
31,0.4,3,29320
31,0.4,4,33456
31,0.4,5,28560
32,0.4,1,29176
32,0.4,2,30472
32,0.4,3,35288
32,0.4,4,28968
32,0.4,5,29608
33,0.4,1,33600
33,0.4,2,31840
33,0.4,3,35408
33,0.4,4,29080
33,0.4,5,28976
34,0.4,1,33104
34,0.4,2,32456
34,0.4,3,33712
34,0.4,4,25440
34,0.4,5,32640
35,0.4,1,40168
35,0.4,2,28608
35,0.4,3,32520
35,0.4,4,27840
35,0.4,5,37776
36,0.4,1,33448
36,0.4,2,35528
36,0.4,3,33800
36,0.4,4,34648
36,0.4,5,27224
37,0.4,1,37440
37,0.4,2,32632
37,0.4,3,36832
37,0.4,4,32744
37,0.4,5,24376
38,0.4,1,39496
38,0.4,2,39456
38,0.4,3,32856
38,0.4,4,30688
38,0.4,5,33736
39,0.4,1,34080
39,0.4,2,28296
39,0.4,3,31456
39,0.4,4,33128
39,0.4,5,35656
40,0.4,1,39304
40,0.4,2,36384
40,0.4,3,34864
40,0.4,4,41520
40,0.4,5,47288
41,0.4,1,34616
41,0.4,2,54840
41,0.4,3,46968
41,0.4,4,37240
41,0.4,5,33576
42,0.4,1,36728
42,0.4,2,34624
42,0.4,3,36600
42,0.4,4,39048
42,0.4,5,40728
43,0.4,1,37872
43,0.4,2,37704
43,0.4,3,37520
43,0.4,4,37464
43,0.4,5,37328
44,0.4,1,33280
44,0.4,2,38488
44,0.4,3,33976
44,0.4,4,43816
44,0.4,5,36496
45,0.4,1,38504
45,0.4,2,37096
45,0.4,3,45352
45,0.4,4,35824
45,0.4,5,41440
46,0.4,1,35624
46,0.4,2,41104
46,0.4,3,47368
46,0.4,4,50056
46,0.4,5,44336
47,0.4,1,45448
47,0.4,2,49512
47,0.4,3,33848
47,0.4,4,34248
47,0.4,5,41472
48,0.4,1,40936
48,0.4,2,45256
48,0.4,3,47840
48,0.4,4,47664
48,0.4,5,41248
49,0.4,1,41584
49,0.4,2,56232
49,0.4,3,44536
49,0.4,4,48600
49,0.4,5,40752
50,0.4,1,44568
50,0.4,2,48688
50,0.4,3,44504
50,0.4,4,44216
50,0.4,5,40864
51,0.4,1,45016
51,0.4,2,37928
51,0.4,3,50824
51,0.4,4,46592
51,0.4,5,45880
52,0.4,1,49512
52,0.4,2,39192
52,0.4,3,40032
52,0.4,4,54616
52,0.4,5,40368
53,0.4,1,38328
53,0.4,2,46784
53,0.4,3,52112
53,0.4,4,57896
53,0.4,5,55416
54,0.4,1,48056
54,0.4,2,54504
54,0.4,3,45904
54,0.4,4,45000
54,0.4,5,46488
55,0.4,1,53696
55,0.4,2,51296
55,0.4,3,49912
55,0.4,4,59432
55,0.4,5,44664
56,0.4,1,47784
56,0.4,2,54384
56,0.4,3,42648
56,0.4,4,48344
56,0.4,5,46736
57,0.4,1,59800
57,0.4,2,50504
57,0.4,3,58504
57,0.4,4,46784
57,0.4,5,48720
58,0.4,1,54912
58,0.4,2,53272
58,0.4,3,61680
58,0.4,4,49832
58,0.4,5,53648
59,0.4,1,51432
59,0.4,2,62512
59,0.4,3,52960
59,0.4,4,57392
59,0.4,5,53520
60,0.4,1,58424
60,0.4,2,61952
60,0.4,3,52184
60,0.4,4,50984
60,0.4,5,63024
61,0.4,1,55096
61,0.4,2,63128
61,0.4,3,44928
61,0.4,4,60736
61,0.4,5,53848
62,0.4,1,50824
62,0.4,2,67656
62,0.4,3,43032
62,0.4,4,56504
62,0.4,5,54704
63,0.4,1,47968
63,0.4,2,50728
63,0.4,3,49440
63,0.4,4,54184
63,0.4,5,49592
64,0.4,1,52528
64,0.4,2,56144
64,0.4,3,60392
64,0.4,4,60288
64,0.4,5,61248
65,0.4,1,69640
65,0.4,2,58688
65,0.4,3,58520
65,0.4,4,64408
65,0.4,5,55976
66,0.4,1,57504
66,0.4,2,77920
66,0.4,3,55408
66,0.4,4,58296
66,0.4,5,66072
67,0.4,1,52448
67,0.4,2,62104
67,0.4,3,64688
67,0.4,4,61504
67,0.4,5,71016
68,0.4,1,56968
68,0.4,2,58360
68,0.4,3,57352
68,0.4,4,53008
68,0.4,5,61384
69,0.4,1,62400
69,0.4,2,64664
69,0.4,3,56600
69,0.4,4,56560
69,0.4,5,54728
70,0.4,1,67608
70,0.4,2,69912
70,0.4,3,64200
70,0.4,4,61832
70,0.4,5,64472
71,0.4,1,56576
71,0.4,2,71856
71,0.4,3,76704
71,0.4,4,69376
71,0.4,5,62600
72,0.4,1,57416
72,0.4,2,70320
72,0.4,3,58960
72,0.4,4,66584
72,0.4,5,58384
73,0.4,1,67000
73,0.4,2,57504
73,0.4,3,62816
73,0.4,4,66824
73,0.4,5,73896
74,0.4,1,67136
74,0.4,2,68288
74,0.4,3,63512
74,0.4,4,68248
74,0.4,5,76696
75,0.4,1,65008
75,0.4,2,77144
75,0.4,3,73672
75,0.4,4,59744
75,0.4,5,66408
76,0.4,1,56360
76,0.4,2,71280
76,0.4,3,65152
76,0.4,4,64448
76,0.4,5,68624
77,0.4,1,65848
77,0.4,2,60400
77,0.4,3,67080
77,0.4,4,62920
77,0.4,5,73112
78,0.4,1,63648
78,0.4,2,66624
78,0.4,3,64128
78,0.4,4,58944
78,0.4,5,70864
79,0.4,1,72888
79,0.4,2,69160
79,0.4,3,83408
79,0.4,4,67544
79,0.4,5,68976
80,0.4,1,81024
80,0.4,2,64064
80,0.4,3,76848
80,0.4,4,62448
80,0.4,5,77984
81,0.4,1,63216
81,0.4,2,83248
81,0.4,3,68000
81,0.4,4,75472
81,0.4,5,73784
82,0.4,1,72144
82,0.4,2,63984
82,0.4,3,82168
82,0.4,4,86248
82,0.4,5,61328
83,0.4,1,69184
83,0.4,2,82536
83,0.4,3,84112
83,0.4,4,73360
83,0.4,5,77224
84,0.4,1,76832
84,0.4,2,77488
84,0.4,3,69672
84,0.4,4,65088
84,0.4,5,85032
85,0.4,1,79848
85,0.4,2,78288
85,0.4,3,82312
85,0.4,4,72536
85,0.4,5,68944
86,0.4,1,84464
86,0.4,2,92376
86,0.4,3,94928
86,0.4,4,85584
86,0.4,5,80080
87,0.4,1,80264
87,0.4,2,73488
87,0.4,3,86760
87,0.4,4,82872
87,0.4,5,76120
88,0.4,1,87040
88,0.4,2,85136
88,0.4,3,88728
88,0.4,4,80896
88,0.4,5,94576
89,0.4,1,79112
89,0.4,2,92992
89,0.4,3,92416
89,0.4,4,82688
89,0.4,5,77072
90,0.4,1,90392
90,0.4,2,78936
90,0.4,3,93360
90,0.4,4,73808
90,0.4,5,76360
91,0.4,1,94208
91,0.4,2,76896
91,0.4,3,86152
91,0.4,4,83528
91,0.4,5,77648
92,0.4,1,95528
92,0.4,2,79848
92,0.4,3,85336
92,0.4,4,89688
92,0.4,5,81944
93,0.4,1,99392
93,0.4,2,83928
93,0.4,3,89848
93,0.4,4,91864
93,0.4,5,80192
94,0.4,1,95848
94,0.4,2,78192
94,0.4,3,79328
94,0.4,4,83272
94,0.4,5,76976
95,0.4,1,85480
95,0.4,2,98048
95,0.4,3,75984
95,0.4,4,79400
95,0.4,5,83112
96,0.4,1,76672
96,0.4,2,86904
96,0.4,3,82944
96,0.4,4,94984
96,0.4,5,87872
97,0.4,1,92312
97,0.4,2,97032
97,0.4,3,93496
97,0.4,4,77752
97,0.4,5,108696
98,0.4,1,88112
98,0.4,2,90776
98,0.4,3,84176
98,0.4,4,91920
98,0.4,5,93048
99,0.4,1,81176
99,0.4,2,87936
99,0.4,3,102040
99,0.4,4,97544
99,0.4,5,81808
100,0.4,1,91448
100,0.4,2,94416
100,0.4,3,82200
100,0.4,4,100016
100,0.4,5,106568
1,0.5,1,2040
1,0.5,2,2040
1,0.5,3,2040
1,0.5,4,2040
1,0.5,5,2040
2,0.5,1,2352
2,0.5,2,3008
2,0.5,3,2392
2,0.5,4,2376
2,0.5,5,3200
3,0.5,1,5768
3,0.5,2,6080
3,0.5,3,4512
3,0.5,4,4504
3,0.5,5,4552
4,0.5,1,4984
4,0.5,2,5288
4,0.5,3,4240
4,0.5,4,5944
4,0.5,5,4920
5,0.5,1,5720
5,0.5,2,3848
5,0.5,3,7296
5,0.5,4,7872
5,0.5,5,5560
6,0.5,1,5184
6,0.5,2,5576
6,0.5,3,7136
6,0.5,4,5720
6,0.5,5,8672
7,0.5,1,8104
7,0.5,2,10152
7,0.5,3,7400
7,0.5,4,6144
7,0.5,5,7496
8,0.5,1,8280
8,0.5,2,7400
8,0.5,3,7384
8,0.5,4,10984
8,0.5,5,9408
9,0.5,1,11264
9,0.5,2,8648
9,0.5,3,9328
9,0.5,4,9248
9,0.5,5,9864
10,0.5,1,9096
10,0.5,2,9288
10,0.5,3,13744
10,0.5,4,9888
10,0.5,5,9200
11,0.5,1,11928
11,0.5,2,11880
11,0.5,3,9224
11,0.5,4,12656
11,0.5,5,9056
12,0.5,1,13576
12,0.5,2,9408
12,0.5,3,10480
12,0.5,4,9248
12,0.5,5,12896
13,0.5,1,14504
13,0.5,2,15264
13,0.5,3,9192
13,0.5,4,12864
13,0.5,5,15456
14,0.5,1,15736
14,0.5,2,15080
14,0.5,3,11296
14,0.5,4,14888
14,0.5,5,12024
15,0.5,1,13048
15,0.5,2,13752
15,0.5,3,11616
15,0.5,4,15096
15,0.5,5,12896
16,0.5,1,12592
16,0.5,2,16080
16,0.5,3,17480
16,0.5,4,14016
16,0.5,5,13824
17,0.5,1,15656
17,0.5,2,19528
17,0.5,3,18328
17,0.5,4,11120
17,0.5,5,20856
18,0.5,1,20248
18,0.5,2,16376
18,0.5,3,25096
18,0.5,4,16736
18,0.5,5,18360
19,0.5,1,16784
19,0.5,2,21368
19,0.5,3,24712
19,0.5,4,19864
19,0.5,5,18352
20,0.5,1,18544
20,0.5,2,19000
20,0.5,3,15128
20,0.5,4,16736
20,0.5,5,14296
21,0.5,1,22024
21,0.5,2,17768
21,0.5,3,17488
21,0.5,4,20408
21,0.5,5,17152
22,0.5,1,15344
22,0.5,2,19128
22,0.5,3,21264
22,0.5,4,21040
22,0.5,5,16704
23,0.5,1,25248
23,0.5,2,21120
23,0.5,3,25568
23,0.5,4,23888
23,0.5,5,18384
24,0.5,1,25608
24,0.5,2,23000
24,0.5,3,17496
24,0.5,4,20760
24,0.5,5,23872
25,0.5,1,19400
25,0.5,2,21296
25,0.5,3,28392
25,0.5,4,21744
25,0.5,5,19480
26,0.5,1,31768
26,0.5,2,19528
26,0.5,3,29168
26,0.5,4,23296
26,0.5,5,21496
27,0.5,1,24520
27,0.5,2,21624
27,0.5,3,22400
27,0.5,4,26024
27,0.5,5,20992
28,0.5,1,23208
28,0.5,2,20280
28,0.5,3,30568
28,0.5,4,24768
28,0.5,5,33504
29,0.5,1,20936
29,0.5,2,26664
29,0.5,3,27696
29,0.5,4,23632
29,0.5,5,24760
30,0.5,1,31944
30,0.5,2,26360
30,0.5,3,22472
30,0.5,4,28336
30,0.5,5,30128
31,0.5,1,28992
31,0.5,2,24416
31,0.5,3,24576
31,0.5,4,27128
31,0.5,5,22528
32,0.5,1,28496
32,0.5,2,26168
32,0.5,3,30024
32,0.5,4,28792
32,0.5,5,26440
33,0.5,1,34256
33,0.5,2,32256
33,0.5,3,28448
33,0.5,4,32536
33,0.5,5,30856
34,0.5,1,34904
34,0.5,2,26056
34,0.5,3,30400
34,0.5,4,27128
34,0.5,5,32688
35,0.5,1,30528
35,0.5,2,36512
35,0.5,3,29040
35,0.5,4,31224
35,0.5,5,21008
36,0.5,1,34488
36,0.5,2,31680
36,0.5,3,32376
36,0.5,4,34176
36,0.5,5,31736
37,0.5,1,36416
37,0.5,2,32168
37,0.5,3,47888
37,0.5,4,43224
37,0.5,5,33704
38,0.5,1,28096
38,0.5,2,27112
38,0.5,3,30096
38,0.5,4,40104
38,0.5,5,40824
39,0.5,1,33792
39,0.5,2,36048
39,0.5,3,44792
39,0.5,4,45992
39,0.5,5,34072
40,0.5,1,33976
40,0.5,2,41976
40,0.5,3,37392
40,0.5,4,36648
40,0.5,5,39360
41,0.5,1,37680
41,0.5,2,33872
41,0.5,3,36696
41,0.5,4,43600
41,0.5,5,29952
42,0.5,1,32856
42,0.5,2,37560
42,0.5,3,36360
42,0.5,4,35704
42,0.5,5,34560
43,0.5,1,39048
43,0.5,2,42576
43,0.5,3,42632
43,0.5,4,38976
43,0.5,5,35920
44,0.5,1,37616
44,0.5,2,40808
44,0.5,3,37336
44,0.5,4,44680
44,0.5,5,41048
45,0.5,1,43264
45,0.5,2,36352
45,0.5,3,47264
45,0.5,4,43688
45,0.5,5,35520
46,0.5,1,40656
46,0.5,2,36904
46,0.5,3,45776
46,0.5,4,37736
46,0.5,5,42912
47,0.5,1,42144
47,0.5,2,41776
47,0.5,3,49176
47,0.5,4,55800
47,0.5,5,37896
48,0.5,1,44848
48,0.5,2,48848
48,0.5,3,39384
48,0.5,4,49704
48,0.5,5,45984
49,0.5,1,52336
49,0.5,2,45920
49,0.5,3,42768
49,0.5,4,47024
49,0.5,5,46776
50,0.5,1,53040
50,0.5,2,41632
50,0.5,3,42984
50,0.5,4,47760
50,0.5,5,43528
51,0.5,1,53688
51,0.5,2,39616
51,0.5,3,45464
51,0.5,4,47624
51,0.5,5,46264
52,0.5,1,48896
52,0.5,2,42824
52,0.5,3,35264
52,0.5,4,44496
52,0.5,5,42792
53,0.5,1,51168
53,0.5,2,45168
53,0.5,3,44776
53,0.5,4,47592
53,0.5,5,55728
54,0.5,1,42048
54,0.5,2,50384
54,0.5,3,43936
54,0.5,4,42328
54,0.5,5,41680
55,0.5,1,47848
55,0.5,2,41552
55,0.5,3,42344
55,0.5,4,55944
55,0.5,5,52296
56,0.5,1,55256
56,0.5,2,54320
56,0.5,3,47448
56,0.5,4,53760
56,0.5,5,45880
57,0.5,1,51960
57,0.5,2,63384
57,0.5,3,47472
57,0.5,4,55344
57,0.5,5,57192
58,0.5,1,56368
58,0.5,2,57784
58,0.5,3,47200
58,0.5,4,46304
58,0.5,5,59048
59,0.5,1,55912
59,0.5,2,51432
59,0.5,3,51496
59,0.5,4,48824
59,0.5,5,61120
60,0.5,1,51928
60,0.5,2,47592
60,0.5,3,59024
60,0.5,4,54928
60,0.5,5,46920
61,0.5,1,63600
61,0.5,2,67496
61,0.5,3,46640
61,0.5,4,56696
61,0.5,5,59944
62,0.5,1,53232
62,0.5,2,57528
62,0.5,3,51672
62,0.5,4,55344
62,0.5,5,59288
63,0.5,1,49120
63,0.5,2,56512
63,0.5,3,62048
63,0.5,4,58216
63,0.5,5,55152
64,0.5,1,62480
64,0.5,2,66504
64,0.5,3,64904
64,0.5,4,54608
64,0.5,5,53848
65,0.5,1,50696
65,0.5,2,58672
65,0.5,3,62224
65,0.5,4,52568
65,0.5,5,63864
66,0.5,1,50752
66,0.5,2,62552
66,0.5,3,46944
66,0.5,4,61272
66,0.5,5,63088
67,0.5,1,55464
67,0.5,2,57216
67,0.5,3,50968
67,0.5,4,52904
67,0.5,5,60992
68,0.5,1,68744
68,0.5,2,61984
68,0.5,3,66056
68,0.5,4,59320
68,0.5,5,66512
69,0.5,1,60416
69,0.5,2,65968
69,0.5,3,65968
69,0.5,4,57840
69,0.5,5,58888
70,0.5,1,56056
70,0.5,2,53752
70,0.5,3,57360
70,0.5,4,64232
70,0.5,5,64960
71,0.5,1,62264
71,0.5,2,59432
71,0.5,3,67840
71,0.5,4,81656
71,0.5,5,59008
72,0.5,1,55880
72,0.5,2,70024
72,0.5,3,61536
72,0.5,4,62008
72,0.5,5,56640
73,0.5,1,66744
73,0.5,2,61648
73,0.5,3,60320
73,0.5,4,57872
73,0.5,5,68800
74,0.5,1,65736
74,0.5,2,78472
74,0.5,3,73392
74,0.5,4,73840
74,0.5,5,59328
75,0.5,1,57744
75,0.5,2,52040
75,0.5,3,63752
75,0.5,4,71824
75,0.5,5,63104
76,0.5,1,73344
76,0.5,2,70488
76,0.5,3,70016
76,0.5,4,61792
76,0.5,5,63720
77,0.5,1,63024
77,0.5,2,70136
77,0.5,3,64048
77,0.5,4,62584
77,0.5,5,75032
78,0.5,1,68440
78,0.5,2,66224
78,0.5,3,67712
78,0.5,4,61960
78,0.5,5,87424
79,0.5,1,75512
79,0.5,2,84800
79,0.5,3,77496
79,0.5,4,68736
79,0.5,5,70464
80,0.5,1,84464
80,0.5,2,66944
80,0.5,3,74232
80,0.5,4,72440
80,0.5,5,73208
81,0.5,1,81952
81,0.5,2,73464
81,0.5,3,82112
81,0.5,4,72888
81,0.5,5,67560
82,0.5,1,66968
82,0.5,2,71776
82,0.5,3,77240
82,0.5,4,73528
82,0.5,5,71064
83,0.5,1,79240
83,0.5,2,70440
83,0.5,3,83776
83,0.5,4,80216
83,0.5,5,77200
84,0.5,1,84704
84,0.5,2,77688
84,0.5,3,74408
84,0.5,4,88496
84,0.5,5,72632
85,0.5,1,81888
85,0.5,2,68168
85,0.5,3,83920
85,0.5,4,81312
85,0.5,5,81416
86,0.5,1,77928
86,0.5,2,78728
86,0.5,3,73656
86,0.5,4,65168
86,0.5,5,72192
87,0.5,1,83056
87,0.5,2,89480
87,0.5,3,74984
87,0.5,4,84496
87,0.5,5,86352
88,0.5,1,77776
88,0.5,2,84568
88,0.5,3,75312
88,0.5,4,71496
88,0.5,5,78280
89,0.5,1,80816
89,0.5,2,87232
89,0.5,3,73056
89,0.5,4,71320
89,0.5,5,80208
90,0.5,1,72184
90,0.5,2,83832
90,0.5,3,85664
90,0.5,4,81952
90,0.5,5,85960
91,0.5,1,87616
91,0.5,2,89560
91,0.5,3,87760
91,0.5,4,88224
91,0.5,5,81576
92,0.5,1,89160
92,0.5,2,90784
92,0.5,3,76184
92,0.5,4,86264
92,0.5,5,82032
93,0.5,1,72896
93,0.5,2,83856
93,0.5,3,75584
93,0.5,4,80248
93,0.5,5,88488
94,0.5,1,79616
94,0.5,2,89376
94,0.5,3,76024
94,0.5,4,91504
94,0.5,5,74888
95,0.5,1,79840
95,0.5,2,82632
95,0.5,3,95896
95,0.5,4,84816
95,0.5,5,88992
96,0.5,1,84976
96,0.5,2,72760
96,0.5,3,86824
96,0.5,4,90288
96,0.5,5,84472
97,0.5,1,90360
97,0.5,2,95816
97,0.5,3,80272
97,0.5,4,81848
97,0.5,5,89584
98,0.5,1,78384
98,0.5,2,91656
98,0.5,3,77288
98,0.5,4,92536
98,0.5,5,75208
99,0.5,1,97200
99,0.5,2,96656
99,0.5,3,103760
99,0.5,4,84040
99,0.5,5,79480
100,0.5,1,96440
100,0.5,2,81192
100,0.5,3,90416
100,0.5,4,93400
100,0.5,5,85584
1,0.6,1,2040
1,0.6,2,2040
1,0.6,3,2040
1,0.6,4,2040
1,0.6,5,2040
2,0.6,1,2352
2,0.6,2,3048
2,0.6,3,3000
2,0.6,4,2672
2,0.6,5,3560
3,0.6,1,4208
3,0.6,2,3296
3,0.6,3,3008
3,0.6,4,3344
3,0.6,5,5752
4,0.6,1,3320
4,0.6,2,8632
4,0.6,3,3496
4,0.6,4,4712
4,0.6,5,3400
5,0.6,1,4768
5,0.6,2,6416
5,0.6,3,5696
5,0.6,4,4112
5,0.6,5,3728
6,0.6,1,8984
6,0.6,2,6952
6,0.6,3,8344
6,0.6,4,5024
6,0.6,5,8040
7,0.6,1,9968
7,0.6,2,7304
7,0.6,3,7464
7,0.6,4,12576
7,0.6,5,6368
8,0.6,1,7648
8,0.6,2,6272
8,0.6,3,12048
8,0.6,4,6592
8,0.6,5,7248
9,0.6,1,7832
9,0.6,2,13096
9,0.6,3,6680
9,0.6,4,6768
9,0.6,5,10752
10,0.6,1,6232
10,0.6,2,11280
10,0.6,3,8824
10,0.6,4,9920
10,0.6,5,12584
11,0.6,1,13504
11,0.6,2,11864
11,0.6,3,10880
11,0.6,4,11256
11,0.6,5,8744
12,0.6,1,12600
12,0.6,2,14728
12,0.6,3,12096
12,0.6,4,9584
12,0.6,5,10104
13,0.6,1,12528
13,0.6,2,12656
13,0.6,3,11416
13,0.6,4,14848
13,0.6,5,14816
14,0.6,1,17768
14,0.6,2,12752
14,0.6,3,14400
14,0.6,4,15208
14,0.6,5,10584
15,0.6,1,19624
15,0.6,2,11064
15,0.6,3,12056
15,0.6,4,16520
15,0.6,5,16592
16,0.6,1,18328
16,0.6,2,15712
16,0.6,3,14344
16,0.6,4,14400
16,0.6,5,16688
17,0.6,1,15440
17,0.6,2,13488
17,0.6,3,13176
17,0.6,4,20848
17,0.6,5,18088
18,0.6,1,13104
18,0.6,2,20496
18,0.6,3,19984
18,0.6,4,16744
18,0.6,5,14136
19,0.6,1,14400
19,0.6,2,19960
19,0.6,3,19472
19,0.6,4,16664
19,0.6,5,14664
20,0.6,1,14096
20,0.6,2,11456
20,0.6,3,19864
20,0.6,4,16576
20,0.6,5,25712
21,0.6,1,25656
21,0.6,2,19600
21,0.6,3,17624
21,0.6,4,14904
21,0.6,5,20136
22,0.6,1,22600
22,0.6,2,20336
22,0.6,3,22472
22,0.6,4,22824
22,0.6,5,17568
23,0.6,1,21744
23,0.6,2,17488
23,0.6,3,20480
23,0.6,4,23792
23,0.6,5,19680
24,0.6,1,26880
24,0.6,2,20320
24,0.6,3,19856
24,0.6,4,18952
24,0.6,5,19944
25,0.6,1,20872
25,0.6,2,20280
25,0.6,3,24784
25,0.6,4,29096
25,0.6,5,22824
26,0.6,1,24864
26,0.6,2,23288
26,0.6,3,27672
26,0.6,4,24136
26,0.6,5,21472
27,0.6,1,20568
27,0.6,2,22024
27,0.6,3,21992
27,0.6,4,25168
27,0.6,5,21040
28,0.6,1,23912
28,0.6,2,25192
28,0.6,3,25400
28,0.6,4,22000
28,0.6,5,23056
29,0.6,1,34016
29,0.6,2,27968
29,0.6,3,29488
29,0.6,4,26944
29,0.6,5,37464
30,0.6,1,27104
30,0.6,2,23120
30,0.6,3,24312
30,0.6,4,25896
30,0.6,5,29912
31,0.6,1,34528
31,0.6,2,25864
31,0.6,3,25608
31,0.6,4,24464
31,0.6,5,32296
32,0.6,1,30584
32,0.6,2,33128
32,0.6,3,31336
32,0.6,4,39024
32,0.6,5,31440
33,0.6,1,26048
33,0.6,2,26040
33,0.6,3,30912
33,0.6,4,23600
33,0.6,5,33880
34,0.6,1,36256
34,0.6,2,33208
34,0.6,3,31272
34,0.6,4,25928
34,0.6,5,31704
35,0.6,1,29784
35,0.6,2,34208
35,0.6,3,38384
35,0.6,4,26184
35,0.6,5,34120
36,0.6,1,36944
36,0.6,2,30280
36,0.6,3,20904
36,0.6,4,26592
36,0.6,5,25432
37,0.6,1,36928
37,0.6,2,29560
37,0.6,3,34688
37,0.6,4,42464
37,0.6,5,39072
38,0.6,1,35896
38,0.6,2,34352
38,0.6,3,38272
38,0.6,4,36808
38,0.6,5,31448
39,0.6,1,28200
39,0.6,2,40520
39,0.6,3,30248
39,0.6,4,38464
39,0.6,5,29504
40,0.6,1,26784
40,0.6,2,33952
40,0.6,3,39976
40,0.6,4,36992
40,0.6,5,43776
41,0.6,1,33096
41,0.6,2,36632
41,0.6,3,43560
41,0.6,4,32912
41,0.6,5,42560
42,0.6,1,32456
42,0.6,2,47920
42,0.6,3,39160
42,0.6,4,42104
42,0.6,5,37816
43,0.6,1,40448
43,0.6,2,40544
43,0.6,3,41744
43,0.6,4,34088
43,0.6,5,37584
44,0.6,1,42440
44,0.6,2,37288
44,0.6,3,40456
44,0.6,4,42320
44,0.6,5,43624
45,0.6,1,40728
45,0.6,2,49864
45,0.6,3,37952
45,0.6,4,44368
45,0.6,5,40696
46,0.6,1,39600
46,0.6,2,50288
46,0.6,3,32760
46,0.6,4,42072
46,0.6,5,41040
47,0.6,1,44144
47,0.6,2,37024
47,0.6,3,36712
47,0.6,4,46848
47,0.6,5,46608
48,0.6,1,46072
48,0.6,2,47176
48,0.6,3,47696
48,0.6,4,44592
48,0.6,5,51192
49,0.6,1,44048
49,0.6,2,43112
49,0.6,3,41080
49,0.6,4,40064
49,0.6,5,52384
50,0.6,1,44160
50,0.6,2,48768
50,0.6,3,54888
50,0.6,4,44104
50,0.6,5,47976
51,0.6,1,43864
51,0.6,2,45120
51,0.6,3,48144
51,0.6,4,51992
51,0.6,5,39952
52,0.6,1,49888
52,0.6,2,49088
52,0.6,3,42824
52,0.6,4,39568
52,0.6,5,47872
53,0.6,1,56160
53,0.6,2,41992
53,0.6,3,50032
53,0.6,4,51968
53,0.6,5,47968
54,0.6,1,55224
54,0.6,2,48984
54,0.6,3,51480
54,0.6,4,43344
54,0.6,5,51600
55,0.6,1,45728
55,0.6,2,47632
55,0.6,3,44136
55,0.6,4,45352
55,0.6,5,43296
56,0.6,1,52368
56,0.6,2,52160
56,0.6,3,56024
56,0.6,4,54064
56,0.6,5,56072
57,0.6,1,58568
57,0.6,2,45976
57,0.6,3,51528
57,0.6,4,47104
57,0.6,5,50016
58,0.6,1,49568
58,0.6,2,61064
58,0.6,3,51632
58,0.6,4,47624
58,0.6,5,61112
59,0.6,1,49232
59,0.6,2,47144
59,0.6,3,52400
59,0.6,4,71976
59,0.6,5,57448
60,0.6,1,64624
60,0.6,2,54800
60,0.6,3,53696
60,0.6,4,54456
60,0.6,5,51616
61,0.6,1,52320
61,0.6,2,48304
61,0.6,3,49856
61,0.6,4,50920
61,0.6,5,50376
62,0.6,1,56128
62,0.6,2,49696
62,0.6,3,41632
62,0.6,4,62000
62,0.6,5,57248
63,0.6,1,45192
63,0.6,2,47240
63,0.6,3,58936
63,0.6,4,71496
63,0.6,5,60624
64,0.6,1,66520
64,0.6,2,57720
64,0.6,3,48368
64,0.6,4,56288
64,0.6,5,50240
65,0.6,1,56736
65,0.6,2,55864
65,0.6,3,60816
65,0.6,4,62504
65,0.6,5,59928
66,0.6,1,47536
66,0.6,2,59336
66,0.6,3,70416
66,0.6,4,61680
66,0.6,5,60360
67,0.6,1,60224
67,0.6,2,62744
67,0.6,3,68312
67,0.6,4,56192
67,0.6,5,59168
68,0.6,1,66928
68,0.6,2,52896
68,0.6,3,70152
68,0.6,4,68952
68,0.6,5,64008
69,0.6,1,57544
69,0.6,2,71648
69,0.6,3,68224
69,0.6,4,57048
69,0.6,5,64608
70,0.6,1,57816
70,0.6,2,57216
70,0.6,3,71272
70,0.6,4,54592
70,0.6,5,70216
71,0.6,1,64776
71,0.6,2,71616
71,0.6,3,63096
71,0.6,4,66928
71,0.6,5,61256
72,0.6,1,69808
72,0.6,2,58888
72,0.6,3,62056
72,0.6,4,63416
72,0.6,5,58280
73,0.6,1,70944
73,0.6,2,69872
73,0.6,3,52832
73,0.6,4,70040
73,0.6,5,66760
74,0.6,1,60688
74,0.6,2,64592
74,0.6,3,63176
74,0.6,4,63776
74,0.6,5,59056
75,0.6,1,64744
75,0.6,2,72224
75,0.6,3,64392
75,0.6,4,64144
75,0.6,5,64056
76,0.6,1,74232
76,0.6,2,68520
76,0.6,3,68584
76,0.6,4,71408
76,0.6,5,62136
77,0.6,1,69640
77,0.6,2,68232
77,0.6,3,87368
77,0.6,4,76064
77,0.6,5,69712
78,0.6,1,72880
78,0.6,2,66136
78,0.6,3,79552
78,0.6,4,67312
78,0.6,5,65904
79,0.6,1,68368
79,0.6,2,69544
79,0.6,3,72928
79,0.6,4,64384
79,0.6,5,62096
80,0.6,1,71736
80,0.6,2,78304
80,0.6,3,72208
80,0.6,4,79720
80,0.6,5,72616
81,0.6,1,73696
81,0.6,2,67072
81,0.6,3,68952
81,0.6,4,69560
81,0.6,5,68600
82,0.6,1,78816
82,0.6,2,75528
82,0.6,3,79784
82,0.6,4,86200
82,0.6,5,83128
83,0.6,1,72352
83,0.6,2,88008
83,0.6,3,70408
83,0.6,4,82216
83,0.6,5,80664
84,0.6,1,78928
84,0.6,2,72976
84,0.6,3,72360
84,0.6,4,75680
84,0.6,5,71176
85,0.6,1,76456
85,0.6,2,86120
85,0.6,3,71984
85,0.6,4,71688
85,0.6,5,70264
86,0.6,1,81640
86,0.6,2,69016
86,0.6,3,73528
86,0.6,4,76112
86,0.6,5,78448
87,0.6,1,81648
87,0.6,2,73728
87,0.6,3,87208
87,0.6,4,73384
87,0.6,5,90392
88,0.6,1,88248
88,0.6,2,74632
88,0.6,3,78536
88,0.6,4,85760
88,0.6,5,86224
89,0.6,1,85112
89,0.6,2,83336
89,0.6,3,80840
89,0.6,4,78296
89,0.6,5,76288
90,0.6,1,76216
90,0.6,2,73104
90,0.6,3,99344
90,0.6,4,78544
90,0.6,5,83056
91,0.6,1,81200
91,0.6,2,76600
91,0.6,3,76376
91,0.6,4,81192
91,0.6,5,79312
92,0.6,1,91024
92,0.6,2,88872
92,0.6,3,85728
92,0.6,4,83728
92,0.6,5,77440
93,0.6,1,80552
93,0.6,2,79224
93,0.6,3,78664
93,0.6,4,94032
93,0.6,5,83720
94,0.6,1,93976
94,0.6,2,86048
94,0.6,3,93672
94,0.6,4,71088
94,0.6,5,85168
95,0.6,1,83088
95,0.6,2,85448
95,0.6,3,89752
95,0.6,4,87696
95,0.6,5,96920
96,0.6,1,90536
96,0.6,2,83096
96,0.6,3,86856
96,0.6,4,106792
96,0.6,5,77008
97,0.6,1,83000
97,0.6,2,90584
97,0.6,3,86184
97,0.6,4,103200
97,0.6,5,78304
98,0.6,1,82776
98,0.6,2,95616
98,0.6,3,98016
98,0.6,4,89752
98,0.6,5,81424
99,0.6,1,93280
99,0.6,2,82592
99,0.6,3,98040
99,0.6,4,79464
99,0.6,5,101304
100,0.6,1,79416
100,0.6,2,83376
100,0.6,3,97608
100,0.6,4,90904
100,0.6,5,86208
1,0.7,1,2040
1,0.7,2,2040
1,0.7,3,2040
1,0.7,4,2040
1,0.7,5,2040
2,0.7,1,3016
2,0.7,2,4240
2,0.7,3,3152
2,0.7,4,2672
2,0.7,5,4232
3,0.7,1,2888
3,0.7,2,3568
3,0.7,3,4376
3,0.7,4,3768
3,0.7,5,2696
4,0.7,1,5056
4,0.7,2,5344
4,0.7,3,4048
4,0.7,4,6440
4,0.7,5,5264
5,0.7,1,5848
5,0.7,2,6336
5,0.7,3,7760
5,0.7,4,6176
5,0.7,5,3976
6,0.7,1,7744
6,0.7,2,5592
6,0.7,3,5136
6,0.7,4,5312
6,0.7,5,4584
7,0.7,1,5480
7,0.7,2,9008
7,0.7,3,9032
7,0.7,4,6424
7,0.7,5,10256
8,0.7,1,7032
8,0.7,2,9520
8,0.7,3,9872
8,0.7,4,8064
8,0.7,5,6560
9,0.7,1,13328
9,0.7,2,12656
9,0.7,3,8424
9,0.7,4,10376
9,0.7,5,7320
10,0.7,1,11560
10,0.7,2,9776
10,0.7,3,13376
10,0.7,4,10464
10,0.7,5,7240
11,0.7,1,9992
11,0.7,2,11016
11,0.7,3,11960
11,0.7,4,11056
11,0.7,5,14888
12,0.7,1,9464
12,0.7,2,14920
12,0.7,3,8264
12,0.7,4,12448
12,0.7,5,8040
13,0.7,1,13984
13,0.7,2,15528
13,0.7,3,17800
13,0.7,4,7704
13,0.7,5,13576
14,0.7,1,13184
14,0.7,2,12096
14,0.7,3,13600
14,0.7,4,11992
14,0.7,5,13776
15,0.7,1,19592
15,0.7,2,13304
15,0.7,3,16880
15,0.7,4,20584
15,0.7,5,16096
16,0.7,1,14616
16,0.7,2,13576
16,0.7,3,12664
16,0.7,4,15016
16,0.7,5,14560
17,0.7,1,15272
17,0.7,2,15760
17,0.7,3,14744
17,0.7,4,16928
17,0.7,5,15184
18,0.7,1,18776
18,0.7,2,17240
18,0.7,3,14736
18,0.7,4,16992
18,0.7,5,24160
19,0.7,1,14832
19,0.7,2,13944
19,0.7,3,15496
19,0.7,4,13392
19,0.7,5,17840
20,0.7,1,15760
20,0.7,2,25624
20,0.7,3,19488
20,0.7,4,20352
20,0.7,5,19000
21,0.7,1,18288
21,0.7,2,20912
21,0.7,3,21280
21,0.7,4,15944
21,0.7,5,13080
22,0.7,1,21248
22,0.7,2,16744
22,0.7,3,18104
22,0.7,4,18640
22,0.7,5,24648
23,0.7,1,21672
23,0.7,2,20816
23,0.7,3,23336
23,0.7,4,17864
23,0.7,5,22024
24,0.7,1,24120
24,0.7,2,27600
24,0.7,3,29376
24,0.7,4,20288
24,0.7,5,21640
25,0.7,1,20776
25,0.7,2,20848
25,0.7,3,30152
25,0.7,4,21696
25,0.7,5,23088
26,0.7,1,24024
26,0.7,2,19424
26,0.7,3,18368
26,0.7,4,23152
26,0.7,5,26400
27,0.7,1,20912
27,0.7,2,28776
27,0.7,3,30800
27,0.7,4,29448
27,0.7,5,24248
28,0.7,1,25776
28,0.7,2,25528
28,0.7,3,24216
28,0.7,4,22456
28,0.7,5,19480
29,0.7,1,28552
29,0.7,2,30640
29,0.7,3,29608
29,0.7,4,28592
29,0.7,5,25696
30,0.7,1,28552
30,0.7,2,24648
30,0.7,3,25096
30,0.7,4,26672
30,0.7,5,26848
31,0.7,1,29736
31,0.7,2,30704
31,0.7,3,28592
31,0.7,4,31440
31,0.7,5,29816
32,0.7,1,23856
32,0.7,2,30040
32,0.7,3,25936
32,0.7,4,28696
32,0.7,5,30376
33,0.7,1,32328
33,0.7,2,32344
33,0.7,3,30144
33,0.7,4,30184
33,0.7,5,27736
34,0.7,1,28896
34,0.7,2,33672
34,0.7,3,34160
34,0.7,4,29456
34,0.7,5,33392
35,0.7,1,43584
35,0.7,2,29456
35,0.7,3,28752
35,0.7,4,35656
35,0.7,5,33800
36,0.7,1,31528
36,0.7,2,35032
36,0.7,3,27696
36,0.7,4,30912
36,0.7,5,32480
37,0.7,1,32280
37,0.7,2,32040
37,0.7,3,35848
37,0.7,4,31256
37,0.7,5,40320
38,0.7,1,32784
38,0.7,2,32896
38,0.7,3,36600
38,0.7,4,43408
38,0.7,5,25200
39,0.7,1,34280
39,0.7,2,40800
39,0.7,3,31864
39,0.7,4,38936
39,0.7,5,32384
40,0.7,1,39384
40,0.7,2,29288
40,0.7,3,42432
40,0.7,4,28312
40,0.7,5,32616
41,0.7,1,36728
41,0.7,2,32832
41,0.7,3,33344
41,0.7,4,41072
41,0.7,5,39256
42,0.7,1,38408
42,0.7,2,33760
42,0.7,3,35736
42,0.7,4,37408
42,0.7,5,43944
43,0.7,1,39176
43,0.7,2,31712
43,0.7,3,38160
43,0.7,4,42032
43,0.7,5,43968
44,0.7,1,38832
44,0.7,2,33528
44,0.7,3,40880
44,0.7,4,35760
44,0.7,5,36496
45,0.7,1,38816
45,0.7,2,45416
45,0.7,3,33000
45,0.7,4,42952
45,0.7,5,34480
46,0.7,1,34120
46,0.7,2,44616
46,0.7,3,41408
46,0.7,4,40152
46,0.7,5,37320
47,0.7,1,42672
47,0.7,2,43512
47,0.7,3,36976
47,0.7,4,47016
47,0.7,5,38344
48,0.7,1,43680
48,0.7,2,36240
48,0.7,3,44520
48,0.7,4,40352
48,0.7,5,39064
49,0.7,1,45944
49,0.7,2,40064
49,0.7,3,38792
49,0.7,4,41208
49,0.7,5,42856
50,0.7,1,42440
50,0.7,2,45208
50,0.7,3,54496
50,0.7,4,51856
50,0.7,5,51704
51,0.7,1,55448
51,0.7,2,44768
51,0.7,3,45088
51,0.7,4,60696
51,0.7,5,50208
52,0.7,1,41216
52,0.7,2,49768
52,0.7,3,44632
52,0.7,4,44360
52,0.7,5,40192
53,0.7,1,43888
53,0.7,2,48904
53,0.7,3,46784
53,0.7,4,47864
53,0.7,5,43680
54,0.7,1,45488
54,0.7,2,55448
54,0.7,3,55440
54,0.7,4,41552
54,0.7,5,43040
55,0.7,1,50832
55,0.7,2,66528
55,0.7,3,66824
55,0.7,4,49744
55,0.7,5,41376
56,0.7,1,57416
56,0.7,2,45728
56,0.7,3,49736
56,0.7,4,45864
56,0.7,5,51136
57,0.7,1,48008
57,0.7,2,50424
57,0.7,3,60832
57,0.7,4,50120
57,0.7,5,55344
58,0.7,1,50896
58,0.7,2,69072
58,0.7,3,54104
58,0.7,4,51984
58,0.7,5,62272
59,0.7,1,57144
59,0.7,2,52664
59,0.7,3,50520
59,0.7,4,50744
59,0.7,5,56912
60,0.7,1,51744
60,0.7,2,65344
60,0.7,3,52856
60,0.7,4,49536
60,0.7,5,48680
61,0.7,1,50720
61,0.7,2,56552
61,0.7,3,67288
61,0.7,4,54672
61,0.7,5,52352
62,0.7,1,56840
62,0.7,2,53488
62,0.7,3,52664
62,0.7,4,56808
62,0.7,5,58040
63,0.7,1,60496
63,0.7,2,46800
63,0.7,3,62056
63,0.7,4,48896
63,0.7,5,56392
64,0.7,1,51096
64,0.7,2,52904
64,0.7,3,55760
64,0.7,4,61672
64,0.7,5,67032
65,0.7,1,70664
65,0.7,2,53760
65,0.7,3,55888
65,0.7,4,65888
65,0.7,5,54128
66,0.7,1,63376
66,0.7,2,61088
66,0.7,3,66664
66,0.7,4,66152
66,0.7,5,69688
67,0.7,1,66960
67,0.7,2,58824
67,0.7,3,60144
67,0.7,4,60088
67,0.7,5,68936
68,0.7,1,56056
68,0.7,2,73680
68,0.7,3,54944
68,0.7,4,56128
68,0.7,5,57880
69,0.7,1,59432
69,0.7,2,60680
69,0.7,3,66456
69,0.7,4,67072
69,0.7,5,60064
70,0.7,1,68104
70,0.7,2,69600
70,0.7,3,57128
70,0.7,4,64760
70,0.7,5,56448
71,0.7,1,65816
71,0.7,2,62392
71,0.7,3,71600
71,0.7,4,77824
71,0.7,5,60232
72,0.7,1,67416
72,0.7,2,78904
72,0.7,3,65064
72,0.7,4,69792
72,0.7,5,63920
73,0.7,1,62560
73,0.7,2,61088
73,0.7,3,60080
73,0.7,4,76056
73,0.7,5,64888
74,0.7,1,60144
74,0.7,2,69848
74,0.7,3,72328
74,0.7,4,70864
74,0.7,5,71224
75,0.7,1,57440
75,0.7,2,59408
75,0.7,3,58176
75,0.7,4,64632
75,0.7,5,64952
76,0.7,1,66248
76,0.7,2,72184
76,0.7,3,62488
76,0.7,4,65360
76,0.7,5,74048
77,0.7,1,65280
77,0.7,2,78600
77,0.7,3,54464
77,0.7,4,70552
77,0.7,5,67048
78,0.7,1,72912
78,0.7,2,71088
78,0.7,3,56200
78,0.7,4,66672
78,0.7,5,82520
79,0.7,1,66760
79,0.7,2,77632
79,0.7,3,79768
79,0.7,4,71928
79,0.7,5,63416
80,0.7,1,80032
80,0.7,2,79032
80,0.7,3,83496
80,0.7,4,78632
80,0.7,5,86288
81,0.7,1,78856
81,0.7,2,74512
81,0.7,3,72744
81,0.7,4,80520
81,0.7,5,62784
82,0.7,1,79520
82,0.7,2,75440
82,0.7,3,80544
82,0.7,4,73688
82,0.7,5,74344
83,0.7,1,75472
83,0.7,2,69496
83,0.7,3,75096
83,0.7,4,72160
83,0.7,5,76496
84,0.7,1,76712
84,0.7,2,73928
84,0.7,3,74880
84,0.7,4,81128
84,0.7,5,73808
85,0.7,1,78736
85,0.7,2,66944
85,0.7,3,86312
85,0.7,4,67968
85,0.7,5,77328
86,0.7,1,83272
86,0.7,2,70592
86,0.7,3,67184
86,0.7,4,70328
86,0.7,5,84576
87,0.7,1,76480
87,0.7,2,75792
87,0.7,3,77184
87,0.7,4,96592
87,0.7,5,65024
88,0.7,1,77416
88,0.7,2,81272
88,0.7,3,84992
88,0.7,4,76096
88,0.7,5,81288
89,0.7,1,80896
89,0.7,2,86016
89,0.7,3,73144
89,0.7,4,88696
89,0.7,5,78392
90,0.7,1,77696
90,0.7,2,94400
90,0.7,3,86384
90,0.7,4,91664
90,0.7,5,87536
91,0.7,1,87752
91,0.7,2,86312
91,0.7,3,85752
91,0.7,4,77856
91,0.7,5,85240
92,0.7,1,83264
92,0.7,2,70840
92,0.7,3,73576
92,0.7,4,81912
92,0.7,5,102128
93,0.7,1,81176
93,0.7,2,89408
93,0.7,3,88344
93,0.7,4,77312
93,0.7,5,86960
94,0.7,1,89224
94,0.7,2,90072
94,0.7,3,79040
94,0.7,4,87336
94,0.7,5,84856
95,0.7,1,80808
95,0.7,2,92624
95,0.7,3,86752
95,0.7,4,83528
95,0.7,5,77208
96,0.7,1,91368
96,0.7,2,76696
96,0.7,3,86056
96,0.7,4,91184
96,0.7,5,99776
97,0.7,1,89520
97,0.7,2,86696
97,0.7,3,90560
97,0.7,4,83192
97,0.7,5,95688
98,0.7,1,85648
98,0.7,2,87760
98,0.7,3,76672
98,0.7,4,87576
98,0.7,5,96104
99,0.7,1,90816
99,0.7,2,94736
99,0.7,3,86632
99,0.7,4,91048
99,0.7,5,88712
100,0.7,1,81176
100,0.7,2,103120
100,0.7,3,93816
100,0.7,4,77768
100,0.7,5,90792
1,0.8,1,2040
1,0.8,2,2040
1,0.8,3,2040
1,0.8,4,2040
1,0.8,5,2040
2,0.8,1,4512
2,0.8,2,4544
2,0.8,3,2944
2,0.8,4,2896
2,0.8,5,2336
3,0.8,1,3912
3,0.8,2,7560
3,0.8,3,2544
3,0.8,4,4512
3,0.8,5,4408
4,0.8,1,9640
4,0.8,2,5632
4,0.8,3,7056
4,0.8,4,4840
4,0.8,5,5584
5,0.8,1,7752
5,0.8,2,5888
5,0.8,3,5032
5,0.8,4,4208
5,0.8,5,6816
6,0.8,1,4112
6,0.8,2,9768
6,0.8,3,7064
6,0.8,4,6616
6,0.8,5,6408
7,0.8,1,6240
7,0.8,2,6976
7,0.8,3,6064
7,0.8,4,6576
7,0.8,5,6824
8,0.8,1,7824
8,0.8,2,8144
8,0.8,3,11296
8,0.8,4,11656
8,0.8,5,7544
9,0.8,1,9632
9,0.8,2,9840
9,0.8,3,9048
9,0.8,4,10976
9,0.8,5,8472
10,0.8,1,9328
10,0.8,2,9040
10,0.8,3,10680
10,0.8,4,9432
10,0.8,5,8200
11,0.8,1,15152
11,0.8,2,8944
11,0.8,3,12760
11,0.8,4,15024
11,0.8,5,13808
12,0.8,1,11272
12,0.8,2,17440
12,0.8,3,9656
12,0.8,4,13872
12,0.8,5,11320
13,0.8,1,11704
13,0.8,2,11800
13,0.8,3,14664
13,0.8,4,13432
13,0.8,5,13752
14,0.8,1,8128
14,0.8,2,15392
14,0.8,3,14672
14,0.8,4,16560
14,0.8,5,14344
15,0.8,1,11720
15,0.8,2,17232
15,0.8,3,10744
15,0.8,4,11816
15,0.8,5,14864
16,0.8,1,13664
16,0.8,2,14872
16,0.8,3,14632
16,0.8,4,13520
16,0.8,5,15664
17,0.8,1,16296
17,0.8,2,17824
17,0.8,3,18728
17,0.8,4,15048
17,0.8,5,15168
18,0.8,1,17512
18,0.8,2,14800
18,0.8,3,21264
18,0.8,4,20064
18,0.8,5,18688
19,0.8,1,13552
19,0.8,2,15848
19,0.8,3,15920
19,0.8,4,19848
19,0.8,5,18176
20,0.8,1,18080
20,0.8,2,18296
20,0.8,3,20952
20,0.8,4,17432
20,0.8,5,17416
21,0.8,1,23888
21,0.8,2,23320
21,0.8,3,21048
21,0.8,4,20736
21,0.8,5,22704
22,0.8,1,18368
22,0.8,2,18824
22,0.8,3,17352
22,0.8,4,17064
22,0.8,5,15816
23,0.8,1,18824
23,0.8,2,18704
23,0.8,3,23320
23,0.8,4,20048
23,0.8,5,21088
24,0.8,1,23016
24,0.8,2,16416
24,0.8,3,20112
24,0.8,4,33168
24,0.8,5,26080
25,0.8,1,19336
25,0.8,2,23392
25,0.8,3,21096
25,0.8,4,18952
25,0.8,5,20200
26,0.8,1,20352
26,0.8,2,18136
26,0.8,3,27648
26,0.8,4,26192
26,0.8,5,17344
27,0.8,1,35168
27,0.8,2,20032
27,0.8,3,31408
27,0.8,4,24912
27,0.8,5,20240
28,0.8,1,25816
28,0.8,2,26544
28,0.8,3,24224
28,0.8,4,25872
28,0.8,5,25968
29,0.8,1,31256
29,0.8,2,28184
29,0.8,3,26016
29,0.8,4,20840
29,0.8,5,22968
30,0.8,1,36152
30,0.8,2,27664
30,0.8,3,23792
30,0.8,4,23680
30,0.8,5,24184
31,0.8,1,25168
31,0.8,2,19560
31,0.8,3,33120
31,0.8,4,25440
31,0.8,5,26312
32,0.8,1,30504
32,0.8,2,39224
32,0.8,3,30368
32,0.8,4,27872
32,0.8,5,30440
33,0.8,1,18880
33,0.8,2,33416
33,0.8,3,29624
33,0.8,4,31408
33,0.8,5,24936
34,0.8,1,30176
34,0.8,2,29984
34,0.8,3,32472
34,0.8,4,28776
34,0.8,5,37800
35,0.8,1,27848
35,0.8,2,35712
35,0.8,3,37992
35,0.8,4,27936
35,0.8,5,25536
36,0.8,1,29992
36,0.8,2,23368
36,0.8,3,43984
36,0.8,4,33880
36,0.8,5,27328
37,0.8,1,38712
37,0.8,2,37816
37,0.8,3,38792
37,0.8,4,37904
37,0.8,5,42712
38,0.8,1,32888
38,0.8,2,31424
38,0.8,3,39440
38,0.8,4,35744
38,0.8,5,31936
39,0.8,1,27312
39,0.8,2,45056
39,0.8,3,35824
39,0.8,4,31952
39,0.8,5,34448
40,0.8,1,31672
40,0.8,2,40424
40,0.8,3,28608
40,0.8,4,38896
40,0.8,5,34680
41,0.8,1,42176
41,0.8,2,33672
41,0.8,3,33064
41,0.8,4,33424
41,0.8,5,36720
42,0.8,1,37984
42,0.8,2,42648
42,0.8,3,31696
42,0.8,4,30856
42,0.8,5,39000
43,0.8,1,32584
43,0.8,2,32648
43,0.8,3,44272
43,0.8,4,41624
43,0.8,5,33824
44,0.8,1,37704
44,0.8,2,42648
44,0.8,3,40984
44,0.8,4,40000
44,0.8,5,42104
45,0.8,1,33176
45,0.8,2,40032
45,0.8,3,42680
45,0.8,4,33800
45,0.8,5,30200
46,0.8,1,35160
46,0.8,2,37000
46,0.8,3,33136
46,0.8,4,42680
46,0.8,5,47480
47,0.8,1,47568
47,0.8,2,47440
47,0.8,3,43800
47,0.8,4,42176
47,0.8,5,45744
48,0.8,1,41104
48,0.8,2,42072
48,0.8,3,48752
48,0.8,4,44800
48,0.8,5,46992
49,0.8,1,44368
49,0.8,2,41272
49,0.8,3,49104
49,0.8,4,51888
49,0.8,5,43552
50,0.8,1,44232
50,0.8,2,41280
50,0.8,3,45760
50,0.8,4,58464
50,0.8,5,54872
51,0.8,1,45632
51,0.8,2,37696
51,0.8,3,58992
51,0.8,4,54760
51,0.8,5,41888
52,0.8,1,35016
52,0.8,2,47664
52,0.8,3,37280
52,0.8,4,56072
52,0.8,5,46416
53,0.8,1,46216
53,0.8,2,56056
53,0.8,3,41728
53,0.8,4,43624
53,0.8,5,53664
54,0.8,1,51248
54,0.8,2,52184
54,0.8,3,51248
54,0.8,4,44368
54,0.8,5,38880
55,0.8,1,47344
55,0.8,2,51592
55,0.8,3,55112
55,0.8,4,42648
55,0.8,5,55464
56,0.8,1,45808
56,0.8,2,43568
56,0.8,3,50816
56,0.8,4,54616
56,0.8,5,54672
57,0.8,1,54320
57,0.8,2,53904
57,0.8,3,56056
57,0.8,4,55032
57,0.8,5,57272
58,0.8,1,56272
58,0.8,2,52768
58,0.8,3,51328
58,0.8,4,49376
58,0.8,5,47856
59,0.8,1,55144
59,0.8,2,60136
59,0.8,3,52760
59,0.8,4,53344
59,0.8,5,61704
60,0.8,1,55232
60,0.8,2,56064
60,0.8,3,54720
60,0.8,4,56608
60,0.8,5,64240
61,0.8,1,43248
61,0.8,2,47536
61,0.8,3,61264
61,0.8,4,58064
61,0.8,5,46680
62,0.8,1,65352
62,0.8,2,49168
62,0.8,3,56104
62,0.8,4,57736
62,0.8,5,57672
63,0.8,1,62760
63,0.8,2,49344
63,0.8,3,55184
63,0.8,4,56072
63,0.8,5,53592
64,0.8,1,50376
64,0.8,2,56576
64,0.8,3,69880
64,0.8,4,52544
64,0.8,5,70248
65,0.8,1,65008
65,0.8,2,54400
65,0.8,3,54864
65,0.8,4,58976
65,0.8,5,59760
66,0.8,1,47960
66,0.8,2,75368
66,0.8,3,58464
66,0.8,4,56680
66,0.8,5,51424
67,0.8,1,65384
67,0.8,2,69976
67,0.8,3,61808
67,0.8,4,53648
67,0.8,5,56840
68,0.8,1,54688
68,0.8,2,61256
68,0.8,3,58792
68,0.8,4,54320
68,0.8,5,65504
69,0.8,1,61368
69,0.8,2,64160
69,0.8,3,67512
69,0.8,4,63296
69,0.8,5,66736
70,0.8,1,83408
70,0.8,2,64320
70,0.8,3,64632
70,0.8,4,63080
70,0.8,5,75272
71,0.8,1,58192
71,0.8,2,60168
71,0.8,3,65560
71,0.8,4,63920
71,0.8,5,54808
72,0.8,1,65552
72,0.8,2,88784
72,0.8,3,65352
72,0.8,4,73936
72,0.8,5,67608
73,0.8,1,70840
73,0.8,2,55416
73,0.8,3,61888
73,0.8,4,77256
73,0.8,5,60080
74,0.8,1,58080
74,0.8,2,63344
74,0.8,3,77528
74,0.8,4,80448
74,0.8,5,69424
75,0.8,1,53456
75,0.8,2,58920
75,0.8,3,55288
75,0.8,4,80712
75,0.8,5,78776
76,0.8,1,73536
76,0.8,2,68096
76,0.8,3,84096
76,0.8,4,71272
76,0.8,5,71128
77,0.8,1,77984
77,0.8,2,78360
77,0.8,3,65416
77,0.8,4,74424
77,0.8,5,66776
78,0.8,1,84624
78,0.8,2,69832
78,0.8,3,71784
78,0.8,4,65168
78,0.8,5,81136
79,0.8,1,75192
79,0.8,2,67248
79,0.8,3,65824
79,0.8,4,63344
79,0.8,5,68320
80,0.8,1,66192
80,0.8,2,66744
80,0.8,3,69696
80,0.8,4,76696
80,0.8,5,87624
81,0.8,1,76296
81,0.8,2,79208
81,0.8,3,68552
81,0.8,4,63552
81,0.8,5,76256
82,0.8,1,73960
82,0.8,2,85880
82,0.8,3,70984
82,0.8,4,71496
82,0.8,5,71568
83,0.8,1,73656
83,0.8,2,78584
83,0.8,3,62800
83,0.8,4,76128
83,0.8,5,69096
84,0.8,1,73616
84,0.8,2,68744
84,0.8,3,66904
84,0.8,4,81088
84,0.8,5,84680
85,0.8,1,63208
85,0.8,2,68896
85,0.8,3,71032
85,0.8,4,93584
85,0.8,5,72432
86,0.8,1,78808
86,0.8,2,83416
86,0.8,3,75952
86,0.8,4,83848
86,0.8,5,79288
87,0.8,1,73776
87,0.8,2,80952
87,0.8,3,82160
87,0.8,4,83032
87,0.8,5,82760
88,0.8,1,79056
88,0.8,2,80280
88,0.8,3,89376
88,0.8,4,73816
88,0.8,5,92056
89,0.8,1,92256
89,0.8,2,78384
89,0.8,3,84856
89,0.8,4,79640
89,0.8,5,69352
90,0.8,1,87152
90,0.8,2,74160
90,0.8,3,76504
90,0.8,4,74608
90,0.8,5,90952
91,0.8,1,87528
91,0.8,2,74576
91,0.8,3,75680
91,0.8,4,80584
91,0.8,5,89848
92,0.8,1,86096
92,0.8,2,81688
92,0.8,3,87144
92,0.8,4,87080
92,0.8,5,95944
93,0.8,1,91848
93,0.8,2,74320
93,0.8,3,88224
93,0.8,4,99384
93,0.8,5,92968
94,0.8,1,79288
94,0.8,2,92944
94,0.8,3,67752
94,0.8,4,88504
94,0.8,5,89144
95,0.8,1,80280
95,0.8,2,87192
95,0.8,3,87768
95,0.8,4,82752
95,0.8,5,99872
96,0.8,1,99592
96,0.8,2,87344
96,0.8,3,87624
96,0.8,4,81664
96,0.8,5,89104
97,0.8,1,88168
97,0.8,2,100232
97,0.8,3,83448
97,0.8,4,89536
97,0.8,5,112704
98,0.8,1,92432
98,0.8,2,100344
98,0.8,3,84088
98,0.8,4,94872
98,0.8,5,92288
99,0.8,1,94528
99,0.8,2,87224
99,0.8,3,91280
99,0.8,4,86712
99,0.8,5,89240
100,0.8,1,95768
100,0.8,2,87696
100,0.8,3,94264
100,0.8,4,90376
100,0.8,5,92728
1,0.9,1,2040
1,0.9,2,2040
1,0.9,3,2040
1,0.9,4,2040
1,0.9,5,2040
2,0.9,1,2496
2,0.9,2,3920
2,0.9,3,3120
2,0.9,4,2496
2,0.9,5,2632
3,0.9,1,5256
3,0.9,2,3064
3,0.9,3,3232
3,0.9,4,4384
3,0.9,5,4488
4,0.9,1,5200
4,0.9,2,4760
4,0.9,3,5056
4,0.9,4,5648
4,0.9,5,4376
5,0.9,1,4920
5,0.9,2,6912
5,0.9,3,5600
5,0.9,4,7384
5,0.9,5,6072
6,0.9,1,7616
6,0.9,2,6264
6,0.9,3,7640
6,0.9,4,9992
6,0.9,5,6968
7,0.9,1,9776
7,0.9,2,6296
7,0.9,3,5656
7,0.9,4,12744
7,0.9,5,6840
8,0.9,1,9856
8,0.9,2,11264
8,0.9,3,8808
8,0.9,4,7184
8,0.9,5,7344
9,0.9,1,4800
9,0.9,2,6448
9,0.9,3,10552
9,0.9,4,10448
9,0.9,5,8240
10,0.9,1,10384
10,0.9,2,8400
10,0.9,3,11184
10,0.9,4,8440
10,0.9,5,11400
11,0.9,1,10256
11,0.9,2,8368
11,0.9,3,8776
11,0.9,4,12272
11,0.9,5,11576
12,0.9,1,10864
12,0.9,2,14864
12,0.9,3,13136
12,0.9,4,7760
12,0.9,5,9568
13,0.9,1,13624
13,0.9,2,12624
13,0.9,3,13008
13,0.9,4,13512
13,0.9,5,10384
14,0.9,1,13744
14,0.9,2,8632
14,0.9,3,16224
14,0.9,4,13024
14,0.9,5,16416
15,0.9,1,14464
15,0.9,2,10944
15,0.9,3,12736
15,0.9,4,10288
15,0.9,5,14848
16,0.9,1,13160
16,0.9,2,14784
16,0.9,3,16208
16,0.9,4,15744
16,0.9,5,18416
17,0.9,1,17984
17,0.9,2,19176
17,0.9,3,14504
17,0.9,4,13088
17,0.9,5,15680
18,0.9,1,17336
18,0.9,2,15792
18,0.9,3,17576
18,0.9,4,15080
18,0.9,5,15088
19,0.9,1,19312
19,0.9,2,15304
19,0.9,3,15752
19,0.9,4,16288
19,0.9,5,17624
20,0.9,1,25224
20,0.9,2,16456
20,0.9,3,15048
20,0.9,4,20448
20,0.9,5,19680
21,0.9,1,17456
21,0.9,2,24512
21,0.9,3,16336
21,0.9,4,25096
21,0.9,5,22392
22,0.9,1,20696
22,0.9,2,16984
22,0.9,3,25144
22,0.9,4,21248
22,0.9,5,19032
23,0.9,1,19784
23,0.9,2,24856
23,0.9,3,14512
23,0.9,4,14968
23,0.9,5,16384
24,0.9,1,24680
24,0.9,2,19568
24,0.9,3,28824
24,0.9,4,22208
24,0.9,5,25040
25,0.9,1,22576
25,0.9,2,22864
25,0.9,3,23584
25,0.9,4,26080
25,0.9,5,22704
26,0.9,1,19144
26,0.9,2,21176
26,0.9,3,27336
26,0.9,4,22264
26,0.9,5,27648
27,0.9,1,28184
27,0.9,2,25736
27,0.9,3,25768
27,0.9,4,23344
27,0.9,5,28216
28,0.9,1,21648
28,0.9,2,31392
28,0.9,3,21792
28,0.9,4,22552
28,0.9,5,22216
29,0.9,1,31224
29,0.9,2,21152
29,0.9,3,28216
29,0.9,4,29296
29,0.9,5,27128
30,0.9,1,27608
30,0.9,2,27768
30,0.9,3,34680
30,0.9,4,29360
30,0.9,5,22528
31,0.9,1,43376
31,0.9,2,39056
31,0.9,3,27688
31,0.9,4,25408
31,0.9,5,23448
32,0.9,1,33648
32,0.9,2,26608
32,0.9,3,26072
32,0.9,4,24456
32,0.9,5,26368
33,0.9,1,29232
33,0.9,2,29432
33,0.9,3,34752
33,0.9,4,27984
33,0.9,5,38480
34,0.9,1,27064
34,0.9,2,25704
34,0.9,3,28048
34,0.9,4,34072
34,0.9,5,34288
35,0.9,1,29456
35,0.9,2,35136
35,0.9,3,38360
35,0.9,4,29088
35,0.9,5,33472
36,0.9,1,33200
36,0.9,2,43144
36,0.9,3,28336
36,0.9,4,37344
36,0.9,5,35088
37,0.9,1,39904
37,0.9,2,35784
37,0.9,3,30360
37,0.9,4,30024
37,0.9,5,31776
38,0.9,1,36768
38,0.9,2,34096
38,0.9,3,37456
38,0.9,4,35328
38,0.9,5,38680
39,0.9,1,38048
39,0.9,2,35832
39,0.9,3,39448
39,0.9,4,34056
39,0.9,5,39344
40,0.9,1,35216
40,0.9,2,23256
40,0.9,3,34320
40,0.9,4,44248
40,0.9,5,35776
41,0.9,1,33840
41,0.9,2,38504
41,0.9,3,35424
41,0.9,4,29656
41,0.9,5,41432
42,0.9,1,35840
42,0.9,2,33760
42,0.9,3,42304
42,0.9,4,38000
42,0.9,5,34008
43,0.9,1,36832
43,0.9,2,43584
43,0.9,3,44456
43,0.9,4,49552
43,0.9,5,33168
44,0.9,1,38272
44,0.9,2,37344
44,0.9,3,56360
44,0.9,4,43568
44,0.9,5,40216
45,0.9,1,47832
45,0.9,2,32872
45,0.9,3,38912
45,0.9,4,39520
45,0.9,5,41888
46,0.9,1,45400
46,0.9,2,41160
46,0.9,3,38256
46,0.9,4,39216
46,0.9,5,35960
47,0.9,1,45384
47,0.9,2,40040
47,0.9,3,41312
47,0.9,4,44464
47,0.9,5,38784
48,0.9,1,33072
48,0.9,2,49344
48,0.9,3,37872
48,0.9,4,48552
48,0.9,5,39128
49,0.9,1,46752
49,0.9,2,48856
49,0.9,3,57352
49,0.9,4,36960
49,0.9,5,37712
50,0.9,1,46232
50,0.9,2,45488
50,0.9,3,41816
50,0.9,4,41824
50,0.9,5,49976
51,0.9,1,51312
51,0.9,2,51048
51,0.9,3,46032
51,0.9,4,44960
51,0.9,5,45504
52,0.9,1,44664
52,0.9,2,46432
52,0.9,3,49264
52,0.9,4,51608
52,0.9,5,55432
53,0.9,1,45776
53,0.9,2,47904
53,0.9,3,42576
53,0.9,4,47328
53,0.9,5,44328
54,0.9,1,49320
54,0.9,2,40488
54,0.9,3,46488
54,0.9,4,37440
54,0.9,5,52192
55,0.9,1,45888
55,0.9,2,50232
55,0.9,3,53776
55,0.9,4,51704
55,0.9,5,56216
56,0.9,1,57480
56,0.9,2,55912
56,0.9,3,47168
56,0.9,4,60136
56,0.9,5,55104
57,0.9,1,54056
57,0.9,2,50672
57,0.9,3,53072
57,0.9,4,47640
57,0.9,5,46704
58,0.9,1,53016
58,0.9,2,57432
58,0.9,3,56104
58,0.9,4,52432
58,0.9,5,55672
59,0.9,1,44584
59,0.9,2,54520
59,0.9,3,62880
59,0.9,4,44880
59,0.9,5,59352
60,0.9,1,50888
60,0.9,2,47960
60,0.9,3,61752
60,0.9,4,52464
60,0.9,5,52144
61,0.9,1,60912
61,0.9,2,50432
61,0.9,3,47632
61,0.9,4,60960
61,0.9,5,55288
62,0.9,1,46944
62,0.9,2,52696
62,0.9,3,49128
62,0.9,4,52632
62,0.9,5,60368
63,0.9,1,60488
63,0.9,2,62736
63,0.9,3,59208
63,0.9,4,45920
63,0.9,5,54016
64,0.9,1,58656
64,0.9,2,56656
64,0.9,3,49760
64,0.9,4,69080
64,0.9,5,55784
65,0.9,1,58456
65,0.9,2,54864
65,0.9,3,66432
65,0.9,4,56336
65,0.9,5,59640
66,0.9,1,65144
66,0.9,2,55816
66,0.9,3,62920
66,0.9,4,63272
66,0.9,5,62096
67,0.9,1,65744
67,0.9,2,73024
67,0.9,3,69312
67,0.9,4,48704
67,0.9,5,46760
68,0.9,1,58032
68,0.9,2,49672
68,0.9,3,53616
68,0.9,4,76848
68,0.9,5,65792
69,0.9,1,65240
69,0.9,2,79000
69,0.9,3,57536
69,0.9,4,44744
69,0.9,5,51624
70,0.9,1,62464
70,0.9,2,64744
70,0.9,3,64632
70,0.9,4,62128
70,0.9,5,68576
71,0.9,1,68080
71,0.9,2,64912
71,0.9,3,65080
71,0.9,4,57904
71,0.9,5,67608
72,0.9,1,77504
72,0.9,2,72816
72,0.9,3,72408
72,0.9,4,68920
72,0.9,5,61288
73,0.9,1,67616
73,0.9,2,69256
73,0.9,3,67880
73,0.9,4,67616
73,0.9,5,66040
74,0.9,1,73744
74,0.9,2,57792
74,0.9,3,60440
74,0.9,4,64216
74,0.9,5,58968
75,0.9,1,67000
75,0.9,2,74056
75,0.9,3,80344
75,0.9,4,62184
75,0.9,5,65976
76,0.9,1,57632
76,0.9,2,63176
76,0.9,3,64416
76,0.9,4,59968
76,0.9,5,70264
77,0.9,1,69984
77,0.9,2,63448
77,0.9,3,85896
77,0.9,4,65480
77,0.9,5,66424
78,0.9,1,74768
78,0.9,2,69848
78,0.9,3,71736
78,0.9,4,59360
78,0.9,5,74440
79,0.9,1,70464
79,0.9,2,69480
79,0.9,3,67072
79,0.9,4,69224
79,0.9,5,76288
80,0.9,1,84920
80,0.9,2,73928
80,0.9,3,69304
80,0.9,4,70824
80,0.9,5,67848
81,0.9,1,63568
81,0.9,2,69944
81,0.9,3,71952
81,0.9,4,61728
81,0.9,5,78064
82,0.9,1,79128
82,0.9,2,76784
82,0.9,3,72784
82,0.9,4,73768
82,0.9,5,78728
83,0.9,1,90712
83,0.9,2,77992
83,0.9,3,73536
83,0.9,4,68632
83,0.9,5,73608
84,0.9,1,82872
84,0.9,2,80408
84,0.9,3,85320
84,0.9,4,74288
84,0.9,5,91256
85,0.9,1,67424
85,0.9,2,70136
85,0.9,3,79704
85,0.9,4,78088
85,0.9,5,68872
86,0.9,1,95544
86,0.9,2,82096
86,0.9,3,79216
86,0.9,4,76256
86,0.9,5,69128
87,0.9,1,75224
87,0.9,2,61768
87,0.9,3,79392
87,0.9,4,77944
87,0.9,5,71712
88,0.9,1,86008
88,0.9,2,77216
88,0.9,3,79464
88,0.9,4,79840
88,0.9,5,83408
89,0.9,1,68248
89,0.9,2,86344
89,0.9,3,97744
89,0.9,4,76984
89,0.9,5,79928
90,0.9,1,82496
90,0.9,2,78376
90,0.9,3,92864
90,0.9,4,79160
90,0.9,5,102784
91,0.9,1,83240
91,0.9,2,76920
91,0.9,3,81584
91,0.9,4,87144
91,0.9,5,83408
92,0.9,1,104608
92,0.9,2,92056
92,0.9,3,77144
92,0.9,4,101664
92,0.9,5,75432
93,0.9,1,80624
93,0.9,2,86648
93,0.9,3,90632
93,0.9,4,96040
93,0.9,5,109048
94,0.9,1,87360
94,0.9,2,76640
94,0.9,3,84128
94,0.9,4,97536
94,0.9,5,87320
95,0.9,1,82080
95,0.9,2,95200
95,0.9,3,95136
95,0.9,4,95376
95,0.9,5,102400
96,0.9,1,88288
96,0.9,2,88400
96,0.9,3,88448
96,0.9,4,95472
96,0.9,5,81408
97,0.9,1,102064
97,0.9,2,98480
97,0.9,3,95760
97,0.9,4,84736
97,0.9,5,83552
98,0.9,1,99176
98,0.9,2,88520
98,0.9,3,84352
98,0.9,4,100408
98,0.9,5,92376
99,0.9,1,102424
99,0.9,2,85824
99,0.9,3,107576
99,0.9,4,92816
99,0.9,5,94256
100,0.9,1,79592
100,0.9,2,87592
100,0.9,3,93312
100,0.9,4,84320
100,0.9,5,85064
1,1.0,1,2040
1,1.0,2,2040
1,1.0,3,2040
1,1.0,4,2040
1,1.0,5,2040
2,1.0,1,2832
2,1.0,2,2496
2,1.0,3,2656
2,1.0,4,2632
2,1.0,5,4240
3,1.0,1,2960
3,1.0,2,3792
3,1.0,3,4144
3,1.0,4,4216
3,1.0,5,3928
4,1.0,1,3864
4,1.0,2,5312
4,1.0,3,3448
4,1.0,4,6176
4,1.0,5,5760
5,1.0,1,4488
5,1.0,2,3584
5,1.0,3,4592
5,1.0,4,6040
5,1.0,5,5800
6,1.0,1,6208
6,1.0,2,8704
6,1.0,3,8472
6,1.0,4,9528
6,1.0,5,6944
7,1.0,1,9840
7,1.0,2,5736
7,1.0,3,8632
7,1.0,4,9136
7,1.0,5,8080
8,1.0,1,7744
8,1.0,2,8512
8,1.0,3,9960
8,1.0,4,11448
8,1.0,5,8752
9,1.0,1,12840
9,1.0,2,11848
9,1.0,3,11600
9,1.0,4,9056
9,1.0,5,8200
10,1.0,1,12920
10,1.0,2,8688
10,1.0,3,11184
10,1.0,4,8200
10,1.0,5,10712
11,1.0,1,12376
11,1.0,2,11664
11,1.0,3,13680
11,1.0,4,12752
11,1.0,5,11208
12,1.0,1,15080
12,1.0,2,14256
12,1.0,3,8240
12,1.0,4,11792
12,1.0,5,17232
13,1.0,1,7888
13,1.0,2,12600
13,1.0,3,15752
13,1.0,4,10392
13,1.0,5,14256
14,1.0,1,9040
14,1.0,2,15416
14,1.0,3,9616
14,1.0,4,11128
14,1.0,5,11840
15,1.0,1,16984
15,1.0,2,16048
15,1.0,3,17152
15,1.0,4,15208
15,1.0,5,11152
16,1.0,1,12888
16,1.0,2,19216
16,1.0,3,17136
16,1.0,4,15256
16,1.0,5,16440
17,1.0,1,16248
17,1.0,2,15328
17,1.0,3,13976
17,1.0,4,18680
17,1.0,5,18064
18,1.0,1,16192
18,1.0,2,17136
18,1.0,3,13424
18,1.0,4,15080
18,1.0,5,15816
19,1.0,1,17128
19,1.0,2,19256
19,1.0,3,15680
19,1.0,4,17336
19,1.0,5,27608
20,1.0,1,20648
20,1.0,2,15680
20,1.0,3,18440
20,1.0,4,19040
20,1.0,5,16560
21,1.0,1,17344
21,1.0,2,17400
21,1.0,3,17784
21,1.0,4,20816
21,1.0,5,23328
22,1.0,1,23536
22,1.0,2,26920
22,1.0,3,21312
22,1.0,4,21992
22,1.0,5,27984
23,1.0,1,21344
23,1.0,2,29368
23,1.0,3,19208
23,1.0,4,19600
23,1.0,5,21800
24,1.0,1,21800
24,1.0,2,21000
24,1.0,3,21376
24,1.0,4,27376
24,1.0,5,18392
25,1.0,1,22456
25,1.0,2,23496
25,1.0,3,21120
25,1.0,4,21568
25,1.0,5,27408
26,1.0,1,22256
26,1.0,2,25712
26,1.0,3,19840
26,1.0,4,22664
26,1.0,5,24432
27,1.0,1,23112
27,1.0,2,28792
27,1.0,3,28432
27,1.0,4,25096
27,1.0,5,25264
28,1.0,1,20712
28,1.0,2,27760
28,1.0,3,19864
28,1.0,4,25960
28,1.0,5,19832
29,1.0,1,22264
29,1.0,2,28256
29,1.0,3,32784
29,1.0,4,30208
29,1.0,5,27424
30,1.0,1,32520
30,1.0,2,23544
30,1.0,3,25104
30,1.0,4,23072
30,1.0,5,24272
31,1.0,1,20768
31,1.0,2,30848
31,1.0,3,27560
31,1.0,4,33536
31,1.0,5,29720
32,1.0,1,27768
32,1.0,2,31400
32,1.0,3,23592
32,1.0,4,30432
32,1.0,5,28984
33,1.0,1,23888
33,1.0,2,28088
33,1.0,3,33128
33,1.0,4,29352
33,1.0,5,29400
34,1.0,1,33400
34,1.0,2,30064
34,1.0,3,28840
34,1.0,4,32856
34,1.0,5,29872
35,1.0,1,33008
35,1.0,2,32504
35,1.0,3,30424
35,1.0,4,40416
35,1.0,5,31024
36,1.0,1,30104
36,1.0,2,23088
36,1.0,3,29832
36,1.0,4,35880
36,1.0,5,36176
37,1.0,1,30320
37,1.0,2,43336
37,1.0,3,26168
37,1.0,4,27840
37,1.0,5,27280
38,1.0,1,31032
38,1.0,2,35448
38,1.0,3,34400
38,1.0,4,30560
38,1.0,5,26800
39,1.0,1,33848
39,1.0,2,35040
39,1.0,3,45576
39,1.0,4,35840
39,1.0,5,28480
40,1.0,1,43544
40,1.0,2,35856
40,1.0,3,36864
40,1.0,4,33256
40,1.0,5,31920
41,1.0,1,31912
41,1.0,2,34784
41,1.0,3,43888
41,1.0,4,32088
41,1.0,5,44208
42,1.0,1,45328
42,1.0,2,37584
42,1.0,3,33208
42,1.0,4,38360
42,1.0,5,36688
43,1.0,1,35608
43,1.0,2,43136
43,1.0,3,44104
43,1.0,4,37216
43,1.0,5,43336
44,1.0,1,33672
44,1.0,2,35024
44,1.0,3,40512
44,1.0,4,47960
44,1.0,5,47064
45,1.0,1,41208
45,1.0,2,34984
45,1.0,3,44896
45,1.0,4,49168
45,1.0,5,38288
46,1.0,1,45960
46,1.0,2,36312
46,1.0,3,40512
46,1.0,4,51040
46,1.0,5,44936
47,1.0,1,33752
47,1.0,2,42232
47,1.0,3,53368
47,1.0,4,42784
47,1.0,5,40656
48,1.0,1,40952
48,1.0,2,39344
48,1.0,3,37384
48,1.0,4,37256
48,1.0,5,43104
49,1.0,1,49672
49,1.0,2,36632
49,1.0,3,49208
49,1.0,4,48440
49,1.0,5,40352
50,1.0,1,50040
50,1.0,2,42000
50,1.0,3,46120
50,1.0,4,52928
50,1.0,5,41192
51,1.0,1,41536
51,1.0,2,38472
51,1.0,3,59704
51,1.0,4,46072
51,1.0,5,37344
52,1.0,1,46584
52,1.0,2,46448
52,1.0,3,42088
52,1.0,4,44656
52,1.0,5,42384
53,1.0,1,42552
53,1.0,2,51528
53,1.0,3,56464
53,1.0,4,44984
53,1.0,5,57040
54,1.0,1,44520
54,1.0,2,44192
54,1.0,3,50040
54,1.0,4,47488
54,1.0,5,50144
55,1.0,1,44424
55,1.0,2,60576
55,1.0,3,55168
55,1.0,4,54208
55,1.0,5,46744
56,1.0,1,43976
56,1.0,2,47824
56,1.0,3,49128
56,1.0,4,45232
56,1.0,5,47416
57,1.0,1,41704
57,1.0,2,56680
57,1.0,3,45144
57,1.0,4,55760
57,1.0,5,44160
58,1.0,1,61488
58,1.0,2,54536
58,1.0,3,61224
58,1.0,4,53120
58,1.0,5,60392
59,1.0,1,53240
59,1.0,2,50296
59,1.0,3,51232
59,1.0,4,51600
59,1.0,5,50152
60,1.0,1,57824
60,1.0,2,51816
60,1.0,3,57824
60,1.0,4,55696
60,1.0,5,63024
61,1.0,1,57048
61,1.0,2,64792
61,1.0,3,56928
61,1.0,4,48712
61,1.0,5,50792
62,1.0,1,55176
62,1.0,2,59752
62,1.0,3,54592
62,1.0,4,49248
62,1.0,5,60344
63,1.0,1,63120
63,1.0,2,62544
63,1.0,3,54352
63,1.0,4,60936
63,1.0,5,47752
64,1.0,1,53336
64,1.0,2,52112
64,1.0,3,48664
64,1.0,4,66200
64,1.0,5,68096
65,1.0,1,62872
65,1.0,2,63656
65,1.0,3,51624
65,1.0,4,62304
65,1.0,5,48920
66,1.0,1,53240
66,1.0,2,59264
66,1.0,3,54424
66,1.0,4,63960
66,1.0,5,59592
67,1.0,1,73224
67,1.0,2,59736
67,1.0,3,57928
67,1.0,4,58728
67,1.0,5,61696
68,1.0,1,58624
68,1.0,2,57208
68,1.0,3,60480
68,1.0,4,60208
68,1.0,5,52448
69,1.0,1,57912
69,1.0,2,70408
69,1.0,3,58720
69,1.0,4,46456
69,1.0,5,50264
70,1.0,1,64872
70,1.0,2,67776
70,1.0,3,56736
70,1.0,4,63168
70,1.0,5,60528
71,1.0,1,70856
71,1.0,2,70120
71,1.0,3,64016
71,1.0,4,73664
71,1.0,5,52880
72,1.0,1,53416
72,1.0,2,64512
72,1.0,3,63424
72,1.0,4,48488
72,1.0,5,63544
73,1.0,1,78224
73,1.0,2,54256
73,1.0,3,69464
73,1.0,4,72008
73,1.0,5,63360
74,1.0,1,65960
74,1.0,2,58168
74,1.0,3,67944
74,1.0,4,68752
74,1.0,5,66400
75,1.0,1,77280
75,1.0,2,63792
75,1.0,3,83824
75,1.0,4,63760
75,1.0,5,58360
76,1.0,1,70784
76,1.0,2,56608
76,1.0,3,72856
76,1.0,4,72016
76,1.0,5,78232
77,1.0,1,81480
77,1.0,2,64920
77,1.0,3,66224
77,1.0,4,67712
77,1.0,5,72280
78,1.0,1,67472
78,1.0,2,82928
78,1.0,3,71472
78,1.0,4,72264
78,1.0,5,61616
79,1.0,1,83832
79,1.0,2,71792
79,1.0,3,62008
79,1.0,4,57944
79,1.0,5,71784
80,1.0,1,75144
80,1.0,2,74928
80,1.0,3,82032
80,1.0,4,80152
80,1.0,5,88800
81,1.0,1,64624
81,1.0,2,69728
81,1.0,3,77744
81,1.0,4,76480
81,1.0,5,63304
82,1.0,1,72904
82,1.0,2,63872
82,1.0,3,76840
82,1.0,4,77336
82,1.0,5,76384
83,1.0,1,84688
83,1.0,2,70888
83,1.0,3,83696
83,1.0,4,82560
83,1.0,5,73384
84,1.0,1,80520
84,1.0,2,73744
84,1.0,3,89472
84,1.0,4,82360
84,1.0,5,77872
85,1.0,1,74792
85,1.0,2,80648
85,1.0,3,82528
85,1.0,4,84240
85,1.0,5,74792
86,1.0,1,79120
86,1.0,2,77384
86,1.0,3,66200
86,1.0,4,81464
86,1.0,5,79712
87,1.0,1,81344
87,1.0,2,69824
87,1.0,3,77200
87,1.0,4,91952
87,1.0,5,76896
88,1.0,1,72568
88,1.0,2,79552
88,1.0,3,84296
88,1.0,4,86928
88,1.0,5,75512
89,1.0,1,91600
89,1.0,2,75944
89,1.0,3,81728
89,1.0,4,96608
89,1.0,5,91912
90,1.0,1,78008
90,1.0,2,78624
90,1.0,3,68864
90,1.0,4,96768
90,1.0,5,76216
91,1.0,1,74488
91,1.0,2,83640
91,1.0,3,83120
91,1.0,4,96848
91,1.0,5,96824
92,1.0,1,76464
92,1.0,2,88032
92,1.0,3,72984
92,1.0,4,83064
92,1.0,5,80728
93,1.0,1,72912
93,1.0,2,90368
93,1.0,3,76232
93,1.0,4,86776
93,1.0,5,77368
94,1.0,1,84384
94,1.0,2,98096
94,1.0,3,82464
94,1.0,4,78976
94,1.0,5,98456
95,1.0,1,93056
95,1.0,2,85168
95,1.0,3,69656
95,1.0,4,84768
95,1.0,5,95088
96,1.0,1,90536
96,1.0,2,92592
96,1.0,3,97816
96,1.0,4,84464
96,1.0,5,86704
97,1.0,1,90984
97,1.0,2,83840
97,1.0,3,102288
97,1.0,4,99752
97,1.0,5,83096
98,1.0,1,89152
98,1.0,2,88080
98,1.0,3,91232
98,1.0,4,91616
98,1.0,5,95344
99,1.0,1,85008
99,1.0,2,99872
99,1.0,3,92080
99,1.0,4,96968
99,1.0,5,79904
100,1.0,1,79264
100,1.0,2,94080
100,1.0,3,81984
100,1.0,4,105168
100,1.0,5,96368
