N,P,X,Filesize,Cachesize
100,0.0,1,36864,35688
100,0.0,2,28672,22768
100,0.0,3,32768,25632
100,0.0,4,32768,25264
100,0.0,5,32768,28344
200,0.0,1,61440,45776
200,0.0,2,61440,45488
200,0.0,3,73728,46152
200,0.0,4,65536,45952
200,0.0,5,49152,34144
300,0.0,1,102400,66552
300,0.0,2,65536,46024
300,0.0,3,81920,66320
300,0.0,4,106496,72344
300,0.0,5,81920,52864
400,0.0,1,143360,72096
400,0.0,2,126976,63752
400,0.0,3,143360,73376
400,0.0,4,147456,74504
400,0.0,5,126976,61328
500,0.0,1,212992,92744
500,0.0,2,233472,96488
500,0.0,3,184320,73576
500,0.0,4,184320,82368
500,0.0,5,192512,90056
100,0.1,1,32768,34056
100,0.1,2,36864,28024
100,0.1,3,32768,29200
100,0.1,4,32768,29016
100,0.1,5,32768,67232
200,0.1,1,65536,54952
200,0.1,2,57344,42192
200,0.1,3,57344,51464
200,0.1,4,49152,41848
200,0.1,5,73728,202744
300,0.1,1,106496,67552
300,0.1,2,86016,75704
300,0.1,3,86016,133016
300,0.1,4,102400,84520
300,0.1,5,94208,280360
400,0.1,1,126976,94232
400,0.1,2,143360,92512
400,0.1,3,143360,84184
400,0.1,4,131072,270096
400,0.1,5,118784,283072
500,0.1,1,217088,116320
500,0.1,2,167936,103048
500,0.1,3,176128,113984
500,0.1,4,192512,126352
500,0.1,5,172032,161032
100,0.2,1,32768,34800
100,0.2,2,40960,95856
100,0.2,3,32768,29040
100,0.2,4,28672,40672
100,0.2,5,32768,41640
200,0.2,1,73728,124984
200,0.2,2,53248,111624
200,0.2,3,65536,83616
200,0.2,4,61440,80368
200,0.2,5,65536,246888
300,0.2,1,81920,74104
300,0.2,2,106496,81920
300,0.2,3,86016,163000
300,0.2,4,106496,134896
300,0.2,5,106496,228272
400,0.2,1,131072,98128
400,0.2,2,180224,102392
400,0.2,3,139264,136208
400,0.2,4,118784,249616
400,0.2,5,143360,297200
500,0.2,1,233472,125616
500,0.2,2,167936,111776
500,0.2,3,241664,127584
500,0.2,4,221184,460584
500,0.2,5,229376,340768
100,0.3,1,32768,79896
100,0.3,2,36864,38256
100,0.3,3,32768,71944
100,0.3,4,28672,36120
100,0.3,5,32768,81592
200,0.3,1,65536,185056
200,0.3,2,57344,87448
200,0.3,3,65536,152080
200,0.3,4,65536,194504
200,0.3,5,49152,52992
300,0.3,1,106496,278336
300,0.3,2,98304,160696
300,0.3,3,106496,288032
300,0.3,4,98304,237032
300,0.3,5,90112,127552
400,0.3,1,172032,181872
400,0.3,2,135168,138688
400,0.3,3,147456,149608
400,0.3,4,126976,436232
400,0.3,5,147456,191928
500,0.3,1,208896,228584
500,0.3,2,172032,637464
500,0.3,3,180224,370664
500,0.3,4,221184,143208
500,0.3,5,225280,127488
100,0.4,1,32768,96984
100,0.4,2,36864,65816
100,0.4,3,32768,64144
100,0.4,4,28672,93096
100,0.4,5,28672,65544
200,0.4,1,73728,182168
200,0.4,2,69632,270976
200,0.4,3,57344,101304
200,0.4,4,53248,91928
200,0.4,5,53248,105128
300,0.4,1,118784,173608
300,0.4,2,106496,405408
300,0.4,3,118784,95752
300,0.4,4,98304,141160
300,0.4,5,102400,241112
400,0.4,1,122880,284368
400,0.4,2,143360,193632
400,0.4,3,139264,231744
400,0.4,4,131072,291184
400,0.4,5,122880,186592
500,0.4,1,163840,225944
500,0.4,2,217088,164976
500,0.4,3,180224,259912
500,0.4,4,212992,530056
500,0.4,5,233472,291824
100,0.5,1,32768,51512
100,0.5,2,32768,138752
100,0.5,3,40960,230216
100,0.5,4,28672,116544
100,0.5,5,32768,49792
200,0.5,1,49152,86808
200,0.5,2,61440,245064
200,0.5,3,49152,160280
200,0.5,4,65536,73120
200,0.5,5,61440,110496
300,0.5,1,94208,154168
300,0.5,2,98304,151640
300,0.5,3,81920,83888
300,0.5,4,106496,443008
300,0.5,5,102400,202288
400,0.5,1,131072,181720
400,0.5,2,167936,240144
400,0.5,3,131072,174424
400,0.5,4,110592,213440
400,0.5,5,139264,146696
500,0.5,1,258048,404216
500,0.5,2,225280,202864
500,0.5,3,180224,560728
500,0.5,4,188416,109648
500,0.5,5,184320,304016
100,0.6,1,28672,67768
100,0.6,2,28672,82568
100,0.6,3,32768,175856
100,0.6,4,28672,62752
100,0.6,5,28672,40008
200,0.6,1,73728,252112
200,0.6,2,69632,120704
200,0.6,3,61440,145768
200,0.6,4,73728,312520
200,0.6,5,57344,195752
300,0.6,1,94208,346312
300,0.6,2,86016,117776
300,0.6,3,110592,210872
300,0.6,4,106496,70048
300,0.6,5,106496,145096
400,0.6,1,135168,184944
400,0.6,2,122880,367728
400,0.6,3,147456,295256
400,0.6,4,131072,204168
400,0.6,5,139264,365840
500,0.6,1,274432,304352
500,0.6,2,221184,737344
500,0.6,3,204800,328552
500,0.6,4,192512,271840
500,0.6,5,188416,264976
100,0.7,1,32768,100816
100,0.7,2,28672,51088
100,0.7,3,32768,62992
100,0.7,4,32768,55136
100,0.7,5,28672,108440
200,0.7,1,53248,127168
200,0.7,2,49152,101408
200,0.7,3,61440,213296
200,0.7,4,65536,128464
200,0.7,5,57344,96040
300,0.7,1,86016,112776
300,0.7,2,94208,343216
300,0.7,3,102400,152472
300,0.7,4,110592,301160
300,0.7,5,90112,137600
400,0.7,1,163840,152456
400,0.7,2,155648,413040
400,0.7,3,131072,247096
400,0.7,4,114688,179968
400,0.7,5,147456,204848
500,0.7,1,184320,185960
500,0.7,2,172032,421272
500,0.7,3,200704,345736
500,0.7,4,204800,288080
500,0.7,5,212992,514168
100,0.8,1,36864,110024
100,0.8,2,32768,127664
100,0.8,3,32768,129312
100,0.8,4,28672,68184
100,0.8,5,36864,69440
200,0.8,1,53248,93000
200,0.8,2,53248,102160
200,0.8,3,57344,306560
200,0.8,4,45056,123712
200,0.8,5,57344,117248
300,0.8,1,118784,458208
300,0.8,2,98304,213800
300,0.8,3,77824,138528
300,0.8,4,94208,276696
300,0.8,5,98304,176968
400,0.8,1,143360,135416
400,0.8,2,163840,275336
400,0.8,3,118784,210664
400,0.8,4,135168,173136
400,0.8,5,143360,340200
500,0.8,1,200704,416112
500,0.8,2,221184,410560
500,0.8,3,188416,211896
500,0.8,4,204800,429384
500,0.8,5,184320,114520
100,0.9,1,32768,77128
100,0.9,2,32768,106536
100,0.9,3,36864,104576
100,0.9,4,32768,133368
100,0.9,5,36864,60304
200,0.9,1,61440,148688
200,0.9,2,61440,139368
200,0.9,3,61440,156624
200,0.9,4,53248,45240
200,0.9,5,53248,90032
300,0.9,1,94208,161160
300,0.9,2,94208,193120
300,0.9,3,81920,86312
300,0.9,4,94208,249616
300,0.9,5,98304,247688
400,0.9,1,159744,279096
400,0.9,2,172032,382312
400,0.9,3,147456,440672
400,0.9,4,163840,374728
400,0.9,5,172032,190320
500,0.9,1,204800,394248
500,0.9,2,221184,321088
500,0.9,3,204800,222968
500,0.9,4,192512,264336
500,0.9,5,212992,240640
100,1.0,1,36864,63560
100,1.0,2,28672,109024
100,1.0,3,32768,68232
100,1.0,4,28672,43368
100,1.0,5,32768,71496
200,1.0,1,61440,220928
200,1.0,2,57344,152824
200,1.0,3,53248,220472
200,1.0,4,57344,110288
200,1.0,5,61440,182584
300,1.0,1,86016,433152
300,1.0,2,90112,165024
300,1.0,3,122880,379728
300,1.0,4,90112,96720
300,1.0,5,102400,203336
400,1.0,1,118784,334328
400,1.0,2,163840,205048
400,1.0,3,159744,381624
400,1.0,4,147456,244360
400,1.0,5,110592,283648
500,1.0,1,204800,475440
500,1.0,2,245760,625536
500,1.0,3,229376,175016
500,1.0,4,180224,400792
500,1.0,5,229376,320984
